Instancia,Clase,Algoritmo,Avg_Vehiculos,Avg_Distancia,BKS_Vehiculos,BKS_Distancia,GAP_Vehiculos(%),GAP_Distancia(%)
c101,C1,CLASSIC,10.0,828.94,10,828.94,0.0,0.0
c101,C1,QLEARNING,10.0,828.94,10,828.94,0.0,0.0
c102,C1,CLASSIC,10.0,828.94,10,828.94,0.0,0.0
c102,C1,QLEARNING,10.0,828.94,10,828.94,0.0,0.0
c103,C1,CLASSIC,10.0,828.07,10,828.06,0.0,0.0012076419583248305
c103,C1,QLEARNING,10.0,828.07,10,828.06,0.0,0.0012076419583248305
c104,C1,CLASSIC,10.0,824.78,10,824.78,0.0,0.0
c104,C1,QLEARNING,10.0,824.78,10,824.78,0.0,0.0
c105,C1,CLASSIC,10.0,828.94,10,828.94,0.0,0.0
c105,C1,QLEARNING,10.0,828.94,10,828.94,0.0,0.0
c106,C1,CLASSIC,10.0,828.94,10,828.94,0.0,0.0
c106,C1,QLEARNING,10.0,828.94,10,828.94,0.0,0.0
c107,C1,CLASSIC,10.0,828.94,10,828.94,0.0,0.0
c107,C1,QLEARNING,10.0,828.94,10,828.94,0.0,0.0
c108,C1,CLASSIC,10.0,828.94,10,828.94,0.0,0.0
c108,C1,QLEARNING,10.0,828.94,10,828.94,0.0,0.0
c109,C1,CLASSIC,10.0,828.94,10,828.94,0.0,0.0
c109,C1,QLEARNING,10.0,828.94,10,828.94,0.0,0.0
c201,C2,CLASSIC,3.0,591.56,3,591.56,0.0,0.0
c201,C2,QLEARNING,3.0,591.56,3,591.56,0.0,0.0
c202,C2,CLASSIC,3.0,591.56,3,591.56,0.0,0.0
c202,C2,QLEARNING,3.0,591.56,3,591.56,0.0,0.0
c203,C2,CLASSIC,3.0,591.17,3,591.17,0.0,0.0
c203,C2,QLEARNING,3.0,591.17,3,591.17,0.0,0.0
c204,C2,CLASSIC,3.0,590.6,3,590.6,0.0,0.0
c204,C2,QLEARNING,3.0,590.6,3,590.6,0.0,0.0
c205,C2,CLASSIC,3.0,588.88,3,588.88,0.0,0.0
c205,C2,QLEARNING,3.0,588.88,3,588.88,0.0,0.0
c206,C2,CLASSIC,3.0,588.49,3,588.49,0.0,0.0
c206,C2,QLEARNING,3.0,588.49,3,588.49,0.0,0.0
c207,C2,CLASSIC,3.0,588.29,3,588.29,0.0,0.0
c207,C2,QLEARNING,3.0,588.29,3,588.29,0.0,0.0
c208,C2,CLASSIC,3.0,588.32,3,588.32,0.0,0.0
c208,C2,QLEARNING,3.0,588.32,3,588.32,0.0,0.0
r101,R1,CLASSIC,19.0,1650.85,19,1650.8,0.0,0.0030288345044799207
r101,R1,QLEARNING,19.0,1650.88,19,1650.8,0.0,0.004846135207181646
r102,R1,CLASSIC,17.0,1486.59,17,1486.12,0.0,0.03162597905956634
r102,R1,QLEARNING,17.0,1486.95,17,1486.12,0.0,0.05585013323285836
r103,R1,CLASSIC,13.0,1295.62,13,1292.68,0.0,0.2274344772101237
r103,R1,QLEARNING,13.0,1295.56,13,1292.68,0.0,0.22279295726706388
r104,R1,CLASSIC,9.9,988.14,9,1007.31,10.000000000000004,-1.9030884236233097
r104,R1,QLEARNING,9.8,990.54,9,1007.31,8.888888888888896,-1.664830092027279
r105,R1,CLASSIC,14.0,1381.53,14,1377.11,0.0,0.3209620146538819
r105,R1,QLEARNING,14.0,1380.66,14,1377.11,0.0,0.2577862334889865
r106,R1,CLASSIC,12.0,1258.0,12,1252.03,0.0,0.4768256351684885
r106,R1,QLEARNING,12.0,1258.45,12,1252.03,0.0,0.5127672659600867
r107,R1,CLASSIC,10.0,1118.58,10,1104.66,0.0,1.2601162348595807
r107,R1,QLEARNING,10.0,1116.51,10,1104.66,0.0,1.0727282602791726
r108,R1,CLASSIC,9.0,976.33,9,960.88,0.0,1.6079010906668936
r108,R1,QLEARNING,9.0,967.45,9,960.88,0.0,0.6837482307884492
r109,R1,CLASSIC,11.2,1243.62,11,1194.73,1.818181818181812,4.0921379725963085
r109,R1,QLEARNING,11.2,1217.93,11,1194.73,1.818181818181812,1.9418613410561418
r110,R1,CLASSIC,10.2,1127.15,10,1118.84,1.9999999999999927,0.742733545457811
r110,R1,QLEARNING,10.2,1147.2,10,1118.84,1.9999999999999927,2.5347681527296246
r111,R1,CLASSIC,10.1,1100.5,10,1096.73,0.9999999999999963,0.3437491451861426
r111,R1,QLEARNING,10.0,1109.79,10,1096.73,0.0,1.1908126886289192
r112,R1,CLASSIC,9.7,978.45,9,982.14,7.77777777777777,-0.37571018388416527
r112,R1,QLEARNING,9.9,965.98,9,982.14,10.000000000000004,-1.6453866047610288
r201,R2,CLASSIC,4.0,1253.98,4,1252.37,0.0,0.12855625733610096
r201,R2,QLEARNING,4.0,1257.49,4,1252.37,0.0,0.4088248680501863
r202,R2,CLASSIC,3.1,1183.33,3,1191.7,3.333333333333336,-0.7023579760006812
r202,R2,QLEARNING,3.0,1230.3,3,1191.7,0.0,3.239070235797592
r203,R2,CLASSIC,3.0,944.52,3,939.5,0.0,0.5343267695582737
r203,R2,QLEARNING,3.0,947.38,3,939.5,0.0,0.838744012772751
r204,R2,CLASSIC,2.0,840.99,2,825.52,0.0,1.8739703459637596
r204,R2,QLEARNING,2.0,843.15,2,825.52,0.0,2.1356236069386565
r205,R2,CLASSIC,3.0,1006.7,3,994.43,0.0,1.2338726707762333
r205,R2,QLEARNING,3.0,1004.94,3,994.43,0.0,1.0568868598091474
r206,R2,CLASSIC,3.0,920.47,3,906.14,0.0,1.5814333325976162
r206,R2,QLEARNING,3.0,915.34,3,906.14,0.0,1.0152956496788625
r207,R2,CLASSIC,2.1,926.53,2,890.61,5.000000000000004,4.033190734440435
r207,R2,QLEARNING,2.1,918.08,2,890.61,5.000000000000004,3.084402825030039
r208,R2,CLASSIC,2.0,734.33,2,726.82,0.0,1.0332682094603878
r208,R2,QLEARNING,2.0,733.22,2,726.82,0.0,0.880548141217905
r209,R2,CLASSIC,3.0,925.92,3,909.16,0.0,1.8434598970478235
r209,R2,QLEARNING,3.0,930.44,3,909.16,0.0,2.340622112719443
r210,R2,CLASSIC,3.0,954.42,3,939.37,0.0,1.6021376028614875
r210,R2,QLEARNING,3.0,954.53,3,939.37,0.0,1.613847578696357
r211,R2,CLASSIC,2.4,864.27,2,885.71,19.999999999999996,-2.420656874146171
r211,R2,QLEARNING,2.1,912.11,2,885.71,5.000000000000004,2.9806595838366934
rc101,RC1,CLASSIC,14.0,1709.01,14,1696.95,0.0,0.7106868204720201
rc101,RC1,QLEARNING,14.0,1703.96,14,1696.95,0.0,0.41309408055629165
rc102,RC1,CLASSIC,12.2,1549.34,12,1554.75,1.6666666666666607,-0.3479659109181593
rc102,RC1,QLEARNING,12.2,1544.15,12,1554.75,1.6666666666666607,-0.681781636919113
rc103,RC1,CLASSIC,11.0,1267.85,11,1261.67,0.0,0.48982697535804415
rc103,RC1,QLEARNING,11.0,1270.07,11,1261.67,0.0,0.6657842383507465
rc104,RC1,CLASSIC,10.0,1139.86,10,1135.48,0.0,0.3857399513861875
rc104,RC1,QLEARNING,10.0,1139.22,10,1135.48,0.0,0.32937612287314694
rc105,RC1,CLASSIC,13.1,1624.3,13,1629.44,0.7692307692307665,-0.3154457973291499
rc105,RC1,QLEARNING,13.3,1609.17,13,1629.44,2.307692307692313,-1.2439856637863302
rc106,RC1,CLASSIC,11.7,1403.86,11,1424.73,6.363636363636357,-1.4648389519417797
rc106,RC1,QLEARNING,11.7,1409.11,11,1424.73,6.363636363636357,-1.0963480799870937
rc107,RC1,CLASSIC,11.0,1246.42,11,1230.48,0.0,1.2954294259150945
rc107,RC1,QLEARNING,11.0,1233.41,11,1230.48,0.0,0.238118457837597
rc108,RC1,CLASSIC,10.0,1165.29,10,1139.82,0.0,2.23456335210823
rc108,RC1,QLEARNING,10.0,1171.18,10,1139.82,0.0,2.7513116106051947
rc201,RC2,CLASSIC,4.0,1422.65,4,1406.94,0.0,1.1166076733904813
rc201,RC2,QLEARNING,4.0,1424.72,4,1406.94,0.0,1.2637354826787193
rc202,RC2,CLASSIC,3.0,1455.38,3,1365.65,0.0,6.570497565261964
rc202,RC2,QLEARNING,3.0,1442.93,3,1365.65,0.0,5.658843774027018
rc203,RC2,CLASSIC,3.0,1069.28,3,1049.62,0.0,1.8730588212877122
rc203,RC2,QLEARNING,3.0,1068.53,3,1049.62,0.0,1.8016043901602565
rc204,RC2,CLASSIC,3.0,802.33,3,798.46,0.0,0.4846830148034973
rc204,RC2,QLEARNING,3.0,801.6,3,798.46,0.0,0.3932570197630421
rc205,RC2,CLASSIC,4.0,1314.51,4,1297.65,0.0,1.299271760490109
rc205,RC2,QLEARNING,4.0,1320.32,4,1297.65,0.0,1.7470041998998067
rc206,RC2,CLASSIC,3.0,1168.31,3,1146.32,0.0,1.9183125130853522
rc206,RC2,QLEARNING,3.0,1156.15,3,1146.32,0.0,0.8575266941168395
rc207,RC2,CLASSIC,3.0,1083.97,3,1061.14,0.0,2.1514597508340016
rc207,RC2,QLEARNING,3.0,1082.0,3,1061.14,0.0,1.965810354901323
rc208,RC2,CLASSIC,3.0,837.82,3,828.14,0.0,1.168884488130034
rc208,RC2,QLEARNING,3.0,831.28,3,828.14,0.0,0.3791629434636639
