Instancia,Algoritmo,Avg_Vehiculos,Avg_Distancia,Best_Vehiculos,Best_Distancia,Runs_OK,Avg_Tiempo,Veh_Run1,Dist_Run1,Veh_Run2,Dist_Run2,Veh_Run3,Dist_Run3,Veh_Run4,Dist_Run4,Veh_Run5,Dist_Run5,Veh_Run6,Dist_Run6,Veh_Run7,Dist_Run7,Veh_Run8,Dist_Run8,Veh_Run9,Dist_Run9,Veh_Run10,Dist_Run10
c101,CLASSIC,10.0,828.94,10,828.94,10,1.66,10,828.94,10,828.94,10,828.94,10,828.94,10,828.94,10,828.94,10,828.94,10,828.94,10,828.94,10,828.94
c101,QLEARNING,10.0,828.94,10,828.94,10,1.66,10,828.94,10,828.94,10,828.94,10,828.94,10,828.94,10,828.94,10,828.94,10,828.94,10,828.94,10,828.94
c102,CLASSIC,10.0,828.94,10,828.94,10,2.34,10,828.94,10,828.94,10,828.94,10,828.94,10,828.94,10,828.94,10,828.94,10,828.94,10,828.94,10,828.94
c102,QLEARNING,10.0,828.94,10,828.94,10,2.39,10,828.94,10,828.94,10,828.94,10,828.94,10,828.94,10,828.94,10,828.94,10,828.94,10,828.94,10,828.94
c103,CLASSIC,10.0,828.07,10,828.06,10,2.88,10,828.07,10,828.07,10,828.07,10,828.07,10,828.07,10,828.07,10,828.07,10,828.07,10,828.07,10,828.07
c103,QLEARNING,10.0,828.07,10,828.06,10,2.93,10,828.07,10,828.07,10,828.07,10,828.07,10,828.07,10,828.07,10,828.07,10,828.07,10,828.07,10,828.07
c104,CLASSIC,10.0,824.78,10,824.78,10,2.99,10,824.78,10,824.78,10,824.78,10,824.78,10,824.78,10,824.78,10,824.78,10,824.78,10,824.78,10,824.78
c104,QLEARNING,10.0,824.78,10,824.78,10,3.13,10,824.78,10,824.78,10,824.78,10,824.78,10,824.78,10,824.78,10,824.78,10,824.78,10,824.78,10,824.78
c105,CLASSIC,10.0,828.94,10,828.94,10,2.01,10,828.94,10,828.94,10,828.94,10,828.94,10,828.94,10,828.94,10,828.94,10,828.94,10,828.94,10,828.94
c105,QLEARNING,10.0,828.94,10,828.94,10,2.03,10,828.94,10,828.94,10,828.94,10,828.94,10,828.94,10,828.94,10,828.94,10,828.94,10,828.94,10,828.94
c106,CLASSIC,10.0,828.94,10,828.94,10,2.21,10,828.94,10,828.94,10,828.94,10,828.94,10,828.94,10,828.94,10,828.94,10,828.94,10,828.94,10,828.94
c106,QLEARNING,10.0,828.94,10,828.94,10,2.33,10,828.94,10,828.94,10,828.94,10,828.94,10,828.94,10,828.94,10,828.94,10,828.94,10,828.94,10,828.94
c107,CLASSIC,10.0,828.94,10,828.94,10,2.28,10,828.94,10,828.94,10,828.94,10,828.94,10,828.94,10,828.94,10,828.94,10,828.94,10,828.94,10,828.94
c107,QLEARNING,10.0,828.94,10,828.94,10,2.31,10,828.94,10,828.94,10,828.94,10,828.94,10,828.94,10,828.94,10,828.94,10,828.94,10,828.94,10,828.94
c108,CLASSIC,10.0,828.94,10,828.94,10,2.61,10,828.94,10,828.94,10,828.94,10,828.94,10,828.94,10,828.94,10,828.94,10,828.94,10,828.94,10,828.94
c108,QLEARNING,10.0,828.94,10,828.94,10,2.72,10,828.94,10,828.94,10,828.94,10,828.94,10,828.94,10,828.94,10,828.94,10,828.94,10,828.94,10,828.94
c109,CLASSIC,10.0,828.94,10,828.94,10,3.01,10,828.94,10,828.94,10,828.94,10,828.94,10,828.94,10,828.94,10,828.94,10,828.94,10,828.94,10,828.94
c109,QLEARNING,10.0,828.94,10,828.94,10,3.15,10,828.94,10,828.94,10,828.94,10,828.94,10,828.94,10,828.94,10,828.94,10,828.94,10,828.94,10,828.94
c201,CLASSIC,3.0,591.56,3,591.56,10,2.4,3,591.56,3,591.56,3,591.56,3,591.56,3,591.56,3,591.56,3,591.56,3,591.56,3,591.56,3,591.56
c201,QLEARNING,3.0,591.56,3,591.56,10,2.32,3,591.56,3,591.56,3,591.56,3,591.56,3,591.56,3,591.56,3,591.56,3,591.56,3,591.56,3,591.56
c202,CLASSIC,3.0,591.56,3,591.56,10,5.25,3,591.56,3,591.56,3,591.56,3,591.56,3,591.56,3,591.56,3,591.56,3,591.56,3,591.56,3,591.56
c202,QLEARNING,3.0,591.56,3,591.56,10,4.01,3,591.56,3,591.56,3,591.56,3,591.56,3,591.56,3,591.56,3,591.56,3,591.56,3,591.56,3,591.56
c203,CLASSIC,3.0,591.17,3,591.17,10,5.35,3,591.17,3,591.17,3,591.17,3,591.17,3,591.17,3,591.17,3,591.17,3,591.17,3,591.17,3,591.17
c203,QLEARNING,3.0,591.17,3,591.17,10,4.91,3,591.17,3,591.17,3,591.17,3,591.17,3,591.17,3,591.17,3,591.17,3,591.17,3,591.17,3,591.17
c204,CLASSIC,3.0,590.6,3,590.6,10,5.5,3,590.6,3,590.6,3,590.6,3,590.6,3,590.6,3,590.6,3,590.6,3,590.6,3,590.6,3,590.6
c204,QLEARNING,3.0,590.6,3,590.6,10,4.92,3,590.6,3,590.6,3,590.6,3,590.6,3,590.6,3,590.6,3,590.6,3,590.6,3,590.6,3,590.6
c205,CLASSIC,3.0,588.88,3,588.88,10,2.81,3,588.88,3,588.88,3,588.88,3,588.88,3,588.88,3,588.88,3,588.88,3,588.88,3,588.88,3,588.88
c205,QLEARNING,3.0,588.88,3,588.88,10,3.54,3,588.88,3,588.88,3,588.88,3,588.88,3,588.88,3,588.88,3,588.88,3,588.88,3,588.88,3,588.88
c206,CLASSIC,3.0,588.49,3,588.49,10,3.24,3,588.49,3,588.49,3,588.49,3,588.49,3,588.49,3,588.49,3,588.49,3,588.49,3,588.49,3,588.49
c206,QLEARNING,3.0,588.49,3,588.49,10,3.92,3,588.49,3,588.49,3,588.49,3,588.49,3,588.49,3,588.49,3,588.49,3,588.49,3,588.49,3,588.49
c207,CLASSIC,3.0,588.29,3,588.29,10,3.35,3,588.29,3,588.29,3,588.29,3,588.29,3,588.29,3,588.29,3,588.29,3,588.29,3,588.29,3,588.29
c207,QLEARNING,3.0,588.29,3,588.29,10,4.65,3,588.29,3,588.29,3,588.29,3,588.29,3,588.29,3,588.29,3,588.29,3,588.29,3,588.29,3,588.29
c208,CLASSIC,3.0,588.32,3,588.32,10,3.19,3,588.32,3,588.32,3,588.32,3,588.32,3,588.32,3,588.32,3,588.32,3,588.32,3,588.32,3,588.32
c208,QLEARNING,3.0,588.32,3,588.32,10,3.99,3,588.32,3,588.32,3,588.32,3,588.32,3,588.32,3,588.32,3,588.32,3,588.32,3,588.32,3,588.32
r101,CLASSIC,19.0,1650.85,19,1650.8,10,4.32,19,1651.1,19,1650.8,19,1650.8,19,1651.01,19,1650.8,19,1650.8,19,1650.8,19,1650.8,19,1650.8,19,1650.8
r101,QLEARNING,19.0,1650.88,19,1650.8,10,4.23,19,1650.8,19,1650.8,19,1650.8,19,1650.8,19,1650.8,19,1651.1,19,1651.32,19,1650.8,19,1650.8,19,1650.8
r102,CLASSIC,17.0,1486.59,17,1486.12,10,6.07,17,1486.12,17,1487.31,17,1486.12,17,1487.31,17,1486.12,17,1487.28,17,1487.31,17,1486.12,17,1486.12,17,1486.12
r102,QLEARNING,17.0,1486.95,17,1486.12,10,5.59,17,1487.31,17,1486.12,17,1487.31,17,1486.12,17,1487.31,17,1487.31,17,1487.31,17,1486.12,17,1487.31,17,1487.31
r103,CLASSIC,13.0,1295.62,13,1292.68,10,7.25,13,1294.64,13,1298.45,13,1296.89,13,1295.57,13,1292.68,13,1294.9,13,1297.62,13,1292.68,13,1295.83,13,1296.89
r103,QLEARNING,13.0,1295.56,13,1292.68,10,4.89,13,1296.89,13,1295.57,13,1295.94,13,1297.15,13,1297.2,13,1292.68,13,1294.64,13,1295.83,13,1294.64,13,1295.01
r104,CLASSIC,9.9,988.14,9,1007.31,10,5.84,10,981.23,10,981.23,10,989.96,9,1007.31,10,990.44,10,990.22,10,989.8,10,981.23,10,988.71,10,981.23
r104,QLEARNING,9.8,990.54,9,1007.31,10,4.18,9,1007.31,10,981.23,10,998.35,10,981.23,10,990.22,10,981.23,10,981.23,10,990.22,9,1013.13,10,981.23
r105,CLASSIC,14.0,1381.53,14,1377.11,10,4.88,14,1377.11,14,1377.11,14,1405.32,14,1387.14,14,1383.04,14,1377.11,14,1377.11,14,1377.11,14,1377.11,14,1377.11
r105,QLEARNING,14.0,1380.66,14,1377.11,10,3.68,14,1377.11,14,1377.11,14,1377.11,14,1377.63,14,1399.3,14,1381.37,14,1381.37,14,1377.11,14,1381.37,14,1377.11
r106,CLASSIC,12.0,1258.0,12,1252.03,10,6.53,12,1259.71,12,1257.96,12,1259.43,12,1252.03,12,1252.03,12,1262.25,12,1263.61,12,1252.03,12,1259.71,12,1261.2
r106,QLEARNING,12.0,1258.45,12,1252.03,10,5.14,12,1252.03,12,1261.67,12,1257.96,12,1252.03,12,1260.49,12,1260.32,12,1257.96,12,1260.49,12,1261.09,12,1260.49
r107,CLASSIC,10.0,1118.58,10,1111.44,10,2.96,10,1118.64,10,1126.36,10,1111.77,10,1120.18,10,1126.36,10,1115.23,10,1117.0,10,1119.43,10,1119.43,10,1111.44
r107,QLEARNING,10.0,1116.51,10,1104.66,10,3.91,10,1116.59,10,1104.66,10,1119.9,10,1114.76,10,1118.1,10,1117.1,10,1134.24,10,1114.76,10,1104.66,10,1120.33
r108,CLASSIC,9.0,976.33,9,963.66,10,4.28,9,964.77,9,965.13,9,971.72,9,963.66,9,980.95,9,999.8,9,965.13,9,983.12,9,1000.5,9,968.5
r108,QLEARNING,9.0,967.45,9,960.88,10,4.52,9,964.67,9,966.88,9,966.88,9,965.11,9,967.56,9,966.88,9,960.88,9,981.86,9,966.65,9,967.11
r109,CLASSIC,11.2,1243.62,11,1226.49,10,4.72,11,1271.31,11,1295.26,11,1255.79,11,1261.09,12,1153.89,11,1257.9,11,1300.66,11,1226.49,11,1259.93,12,1153.89
r109,QLEARNING,11.2,1217.93,11,1201.41,10,5.16,11,1204.6,11,1249.18,11,1201.41,11,1242.99,11,1251.66,11,1227.02,11,1266.61,11,1220.96,12,1155.69,12,1159.16
r110,CLASSIC,10.2,1127.15,10,1118.84,10,4.84,10,1193.98,10,1126.63,11,1095.71,10,1118.84,10,1124.4,10,1141.94,10,1118.84,11,1080.64,10,1128.41,10,1142.1
r110,QLEARNING,10.2,1147.2,10,1142.75,10,5.08,10,1167.57,11,1089.67,10,1177.4,10,1169.24,10,1149.97,10,1142.75,10,1178.2,10,1147.08,10,1153.87,11,1096.27
r111,CLASSIC,10.1,1100.5,10,1096.73,10,3.42,10,1100.13,10,1096.73,11,1054.23,10,1105.17,10,1096.74,10,1121.67,10,1106.52,10,1096.74,10,1130.28,10,1096.74
r111,QLEARNING,10.0,1109.79,10,1096.73,10,3.38,10,1134.42,10,1100.29,10,1125.98,10,1098.84,10,1096.74,10,1096.74,10,1148.98,10,1098.84,10,1100.37,10,1096.73
r112,CLASSIC,9.7,978.45,9,1002.26,10,5.86,10,959.4,9,1016.29,10,968.29,10,961.78,9,1017.98,10,960.71,10,957.84,10,961.57,9,1002.26,10,978.39
r112,QLEARNING,9.9,965.98,9,1004.6,10,4.86,10,958.08,10,962.78,10,963.87,10,960.25,10,955.68,10,959.4,10,961.55,9,1004.6,10,970.55,10,963.06
r201,CLASSIC,4.0,1253.98,4,1252.37,10,5.38,4,1252.37,4,1253.23,4,1253.23,4,1253.23,4,1253.23,4,1256.55,4,1253.23,4,1253.23,4,1258.32,4,1253.23
r201,QLEARNING,4.0,1257.49,4,1253.23,10,6.14,4,1253.23,4,1269.45,4,1258.32,4,1253.23,4,1261.09,4,1254.69,4,1253.23,4,1261.58,4,1255.37,4,1254.69
r202,CLASSIC,3.1,1183.33,3,1191.7,10,4.58,3,1191.7,3,1199.17,3,1191.7,3,1195.3,3,1195.3,3,1195.3,4,1086.09,3,1191.7,3,1195.3,3,1191.7
r202,QLEARNING,3.0,1230.3,3,1195.3,10,5.87,3,1198.99,3,1200.73,3,1287.29,3,1258.94,3,1195.3,3,1245.41,3,1260.53,3,1195.3,3,1195.3,3,1265.25
r203,CLASSIC,3.0,944.52,3,939.5,10,7.97,3,941.62,3,947.99,3,950.92,3,941.08,3,939.5,3,944.05,3,947.94,3,941.41,3,946.62,3,944.05
r203,QLEARNING,3.0,947.38,3,941.41,10,7.74,3,947.35,3,944.34,3,953.21,3,946.81,3,946.62,3,954.91,3,941.41,3,946.81,3,948.83,3,943.5
r204,CLASSIC,2.0,840.99,2,828.78,10,7.5,2,828.78,2,843.61,2,828.78,2,853.09,2,846.39,2,843.61,2,848.71,2,843.77,2,844.43,2,828.78
r204,QLEARNING,2.0,843.15,2,828.78,10,6.71,2,828.78,2,844.43,2,843.61,2,843.61,2,836.25,2,859.59,2,843.61,2,844.43,2,843.61,2,843.61
r205,CLASSIC,3.0,1006.7,3,994.43,10,4.24,3,1001.93,3,994.43,3,1001.93,3,994.43,3,1029.9,3,1004.06,3,1001.93,3,1004.06,3,1001.93,3,1032.38
r205,QLEARNING,3.0,1004.94,3,994.43,10,5.11,3,999.02,3,1032.82,3,994.43,3,1030.95,3,994.43,3,1001.93,3,994.43,3,994.43,3,1004.99,3,1001.93
r206,CLASSIC,3.0,920.47,3,906.14,10,7.88,3,906.14,3,926.0,3,912.75,3,928.68,3,926.0,3,906.14,3,924.04,3,912.0,3,938.89,3,924.04
r206,QLEARNING,3.0,915.34,3,906.14,10,7.01,3,913.68,3,918.98,3,906.14,3,914.63,3,906.14,3,906.14,3,932.68,3,924.82,3,924.04,3,906.14
r207,CLASSIC,2.1,926.53,2,897.06,10,6.61,2,897.06,2,911.75,2,974.8,2,919.25,2,916.47,2,938.15,2,986.96,3,814.99,2,970.68,2,935.17
r207,QLEARNING,2.1,918.08,2,907.69,10,6.4,2,931.36,2,919.25,2,933.33,2,956.0,2,929.28,2,920.03,2,921.68,3,812.75,2,949.42,2,907.69
r208,CLASSIC,2.0,734.33,2,726.82,10,5.96,2,727.69,2,734.51,2,726.82,2,735.11,2,735.2,2,737.41,2,734.37,2,737.94,2,736.71,2,737.56
r208,QLEARNING,2.0,733.22,2,726.82,10,8.25,2,743.99,2,736.84,2,736.4,2,727.65,2,737.56,2,737.41,2,727.65,2,727.69,2,726.82,2,730.22
r209,CLASSIC,3.0,925.92,3,915.24,10,6.63,3,928.54,3,934.86,3,926.84,3,924.31,3,915.24,3,927.17,3,922.17,3,926.36,3,929.52,3,924.16
r209,QLEARNING,3.0,930.44,3,913.77,10,6.73,3,938.09,3,924.27,3,913.77,3,938.37,3,948.08,3,931.11,3,940.27,3,922.17,3,926.49,3,921.78
r210,CLASSIC,3.0,954.42,3,942.11,10,6.78,3,954.12,3,962.59,3,942.31,3,942.11,3,962.59,3,960.16,3,942.31,3,957.8,3,961.27,3,959.0
r210,QLEARNING,3.0,954.53,3,939.37,10,7.19,3,951.0,3,968.77,3,939.37,3,954.12,3,942.31,3,963.67,3,960.53,3,963.63,3,942.31,3,959.58
r211,CLASSIC,2.4,864.27,2,901.52,10,9.52,2,903.6,2,905.81,3,782.6,2,922.98,3,773.93,3,794.69,2,901.52,2,909.52,2,957.05,3,791.0
r211,QLEARNING,2.1,912.11,2,900.35,10,7.14,3,782.27,2,924.65,2,902.65,2,931.55,2,900.35,2,939.7,2,936.55,2,956.04,2,938.23,2,909.11
rc101,CLASSIC,14.0,1709.01,14,1697.43,10,3.71,14,1725.0,14,1698.82,14,1725.0,14,1698.82,14,1697.43,14,1697.43,14,1698.82,14,1698.82,14,1725.0,14,1725.0
rc101,QLEARNING,14.0,1703.96,14,1696.95,10,3.98,14,1701.55,14,1725.0,14,1698.82,14,1697.43,14,1697.43,14,1696.95,14,1697.43,14,1698.82,14,1701.22,14,1725.0
rc102,CLASSIC,12.2,1549.34,12,1554.75,10,5.17,12,1554.75,12,1554.75,12,1554.75,13,1484.96,12,1554.75,12,1588.34,12,1554.75,13,1477.64,12,1613.95,12,1554.75
rc102,QLEARNING,12.2,1544.15,12,1554.75,10,5.28,12,1554.75,12,1554.75,12,1554.75,12,1554.75,12,1586.76,12,1554.75,12,1554.75,13,1486.52,13,1484.97,12,1554.75
rc103,CLASSIC,11.0,1267.85,11,1262.02,10,4.81,11,1264.28,11,1265.8,11,1264.28,11,1265.8,11,1265.8,11,1265.8,11,1262.02,11,1276.47,11,1263.54,11,1284.67
rc103,QLEARNING,11.0,1270.07,11,1263.54,10,5.56,11,1265.8,11,1263.54,11,1265.8,11,1265.8,11,1263.54,11,1263.54,11,1278.41,11,1265.8,11,1265.8,11,1302.67
rc104,CLASSIC,10.0,1139.86,10,1135.52,10,3.61,10,1138.34,10,1135.52,10,1156.57,10,1137.25,10,1135.52,10,1138.34,10,1140.33,10,1137.25,10,1140.0,10,1139.5
rc104,QLEARNING,10.0,1139.22,10,1135.48,10,6.06,10,1135.52,10,1141.96,10,1137.25,10,1157.89,10,1136.27,10,1135.48,10,1135.52,10,1139.5,10,1135.52,10,1137.25
rc105,CLASSIC,13.1,1624.3,13,1629.44,10,4.23,13,1646.26,14,1540.18,13,1629.44,13,1629.44,13,1629.44,13,1640.57,13,1635.02,13,1633.72,13,1629.44,13,1629.44
rc105,QLEARNING,13.3,1609.17,13,1629.44,10,4.49,14,1540.18,14,1540.18,13,1641.03,13,1633.72,13,1642.92,13,1641.59,13,1650.88,13,1629.44,14,1542.27,13,1629.44
rc106,CLASSIC,11.7,1403.86,11,1424.73,10,5.64,12,1398.16,12,1385.92,12,1385.56,12,1403.77,11,1432.12,11,1424.73,11,1432.12,12,1393.35,12,1398.38,12,1384.46
rc106,QLEARNING,11.7,1409.11,11,1432.12,10,3.83,12,1385.92,12,1384.81,12,1423.18,11,1432.12,12,1419.09,12,1391.94,11,1432.12,12,1377.43,12,1388.9,11,1455.57
rc107,CLASSIC,11.0,1246.42,11,1231.53,10,4.83,11,1233.21,11,1233.21,11,1236.28,11,1232.26,11,1307.95,11,1239.01,11,1234.29,11,1231.53,11,1232.26,11,1284.16
rc107,QLEARNING,11.0,1233.41,11,1231.53,10,6.81,11,1231.53,11,1232.26,11,1233.21,11,1233.21,11,1233.21,11,1237.43,11,1232.26,11,1233.21,11,1236.28,11,1231.53
rc108,CLASSIC,10.0,1165.29,10,1146.66,10,2.58,10,1147.49,10,1154.99,10,1151.07,10,1150.3,10,1161.99,10,1172.41,10,1221.47,10,1148.47,10,1198.09,10,1146.66
rc108,QLEARNING,10.0,1171.18,10,1146.66,10,2.42,10,1165.68,10,1195.57,10,1230.66,10,1156.32,10,1148.38,10,1170.39,10,1146.66,10,1174.83,10,1148.03,10,1175.29
rc201,CLASSIC,4.0,1422.65,4,1415.0,10,4.55,4,1425.49,4,1422.02,4,1415.0,4,1417.8,4,1452.07,4,1427.06,4,1415.0,4,1415.0,4,1422.02,4,1415.0
rc201,QLEARNING,4.0,1424.72,4,1412.45,10,4.63,4,1423.25,4,1413.52,4,1424.37,4,1413.52,4,1412.45,4,1441.86,4,1434.12,4,1415.0,4,1436.65,4,1432.43
rc202,CLASSIC,3.0,1455.38,3,1368.04,10,5.45,3,1494.77,3,1466.05,3,1468.55,3,1490.07,3,1368.04,3,1494.85,3,1418.39,3,1419.05,3,1475.54,3,1458.45
rc202,QLEARNING,3.0,1442.93,3,1365.65,10,4.67,3,1406.13,3,1406.13,3,1365.65,3,1427.25,3,1502.1,3,1493.8,3,1486.99,3,1440.07,3,1459.26,3,1441.92
rc203,CLASSIC,3.0,1069.28,3,1061.13,10,6.25,3,1064.14,3,1066.37,3,1071.91,3,1075.37,3,1075.37,3,1064.14,3,1061.13,3,1076.09,3,1071.91,3,1066.37
rc203,QLEARNING,3.0,1068.53,3,1051.82,10,4.93,3,1085.47,3,1066.9,3,1058.33,3,1071.91,3,1072.71,3,1081.0,3,1068.45,3,1076.09,3,1052.63,3,1051.82
rc204,CLASSIC,3.0,802.33,3,798.46,10,11.83,3,798.56,3,799.16,3,798.46,3,798.46,3,799.12,3,805.07,3,798.46,3,798.46,3,799.15,3,828.41
rc204,QLEARNING,3.0,801.6,3,798.46,10,11.57,3,798.56,3,799.12,3,803.58,3,803.1,3,799.16,3,798.46,3,798.46,3,803.58,3,799.16,3,812.81
rc205,CLASSIC,4.0,1314.51,4,1303.37,10,9.12,4,1305.97,4,1311.95,4,1315.52,4,1303.37,4,1313.87,4,1327.81,4,1305.97,4,1324.05,4,1311.95,4,1324.62
rc205,QLEARNING,4.0,1320.32,4,1302.42,10,6.41,4,1324.21,4,1324.62,4,1323.99,4,1305.97,4,1352.46,4,1326.19,4,1311.95,4,1316.26,4,1315.09,4,1302.42
rc206,CLASSIC,3.0,1168.31,3,1152.03,10,3.58,3,1152.03,3,1153.69,3,1185.5,3,1169.34,3,1153.69,3,1184.86,3,1153.69,3,1152.03,3,1165.19,3,1213.05
rc206,QLEARNING,3.0,1156.15,3,1146.32,10,4.48,3,1156.77,3,1156.26,3,1183.35,3,1156.77,3,1146.32,3,1146.32,3,1169.34,3,1146.32,3,1146.32,3,1153.69
rc207,CLASSIC,3.0,1083.97,3,1070.85,10,5.32,3,1071.42,3,1070.85,3,1078.62,3,1071.42,3,1104.36,3,1070.85,3,1070.85,3,1138.54,3,1089.46,3,1073.35
rc207,QLEARNING,3.0,1082.0,3,1061.84,10,6.31,3,1121.66,3,1101.96,3,1081.33,3,1061.84,3,1084.02,3,1061.84,3,1071.95,3,1071.04,3,1102.48,3,1061.84
rc208,CLASSIC,3.0,837.82,3,829.7,10,6.14,3,829.7,3,841.51,3,829.7,3,852.84,3,834.65,3,836.62,3,832.36,3,829.7,3,845.58,3,845.58
rc208,QLEARNING,3.0,831.28,3,829.7,10,4.65,3,829.7,3,829.7,3,829.7,3,829.7,3,829.7,3,829.7,3,829.7,3,829.7,3,845.58,3,829.7
