instance,size,class,algorithm,seed,run,best_veh,best_dist,cpu_time,valid
C1_2_1,200,C1,CLASSIC,1,1,20,2704.57,9.14801,1
C1_2_1,200,C1,CLASSIC,7,7,20,2704.57,9.15171,1
C1_2_1,200,C1,CLASSIC,2,2,20,2704.57,9.17919,1
C1_2_1,200,C1,CLASSIC,5,5,20,2704.57,9.19471,1
C1_2_1,200,C1,CLASSIC,3,3,20,2704.57,9.22615,1
C1_2_1,200,C1,CLASSIC,6,6,20,2704.57,9.24172,1
C1_2_1,200,C1,CLASSIC,4,4,20,2704.57,9.30131,1
C1_2_1,200,C1,CLASSIC,9,9,20,2704.57,9.33114,1
C1_2_1,200,C1,CLASSIC,8,8,20,2704.57,9.35067,1
C1_2_1,200,C1,CLASSIC,10,10,20,2704.57,9.35728,1
C1_2_1,200,C1,QLEARNING,4,4,20,2704.57,9.49496,1
C1_2_1,200,C1,QLEARNING,8,8,20,2704.57,9.54138,1
C1_2_1,200,C1,QLEARNING,7,7,20,2704.57,9.54746,1
C1_2_1,200,C1,QLEARNING,6,6,20,2704.57,9.59538,1
C1_2_1,200,C1,QLEARNING,2,2,20,2704.57,9.62061,1
C1_2_1,200,C1,QLEARNING,3,3,20,2704.57,9.6314,1
C1_2_1,200,C1,QLEARNING,9,9,20,2704.57,9.65974,1
C1_2_1,200,C1,QLEARNING,1,1,20,2704.57,9.69827,1
C1_2_1,200,C1,QLEARNING,10,10,20,2704.57,9.72118,1
C1_2_1,200,C1,QLEARNING,5,5,20,2704.57,9.81509,1
C1_2_2,200,C1,CLASSIC,6,6,18,3067.28,11.4477,1
C1_2_2,200,C1,CLASSIC,8,8,18,3148,11.7259,1
C1_2_2,200,C1,CLASSIC,10,10,18,3056.7,11.7471,1
C1_2_2,200,C1,CLASSIC,3,3,18,3138.53,11.917,1
C1_2_2,200,C1,CLASSIC,1,1,18,3163.44,12.0856,1
C1_2_2,200,C1,CLASSIC,4,4,19,2824.36,12.1884,1
C1_2_2,200,C1,CLASSIC,7,7,19,2799.7,12.269,1
C1_2_2,200,C1,CLASSIC,9,9,19,2834.37,12.3266,1
C1_2_2,200,C1,CLASSIC,2,2,19,2825.48,12.4151,1
C1_2_2,200,C1,CLASSIC,5,5,19,2810.88,12.5013,1
C1_2_2,200,C1,QLEARNING,2,2,18,2977.72,13.3492,1
C1_2_2,200,C1,QLEARNING,1,1,19,2782.54,13.6747,1
C1_2_2,200,C1,QLEARNING,9,9,18,2966.32,13.534,1
C1_2_2,200,C1,QLEARNING,3,3,19,2798.42,13.77,1
C1_2_2,200,C1,QLEARNING,7,7,18,2980.55,13.7841,1
C1_2_2,200,C1,QLEARNING,4,4,18,3021.48,13.938,1
C1_2_2,200,C1,QLEARNING,5,5,19,2781.11,13.9426,1
C1_2_2,200,C1,QLEARNING,10,10,19,2775.4,13.8412,1
C1_2_2,200,C1,QLEARNING,6,6,19,2794.11,14.0369,1
C1_2_2,200,C1,QLEARNING,8,8,19,2778.79,14.0605,1
C1_2_3,200,C1,CLASSIC,1,1,18,2863.07,14.185,1
C1_2_3,200,C1,CLASSIC,2,2,18,2819.38,14.2721,1
C1_2_3,200,C1,CLASSIC,4,4,18,2789.04,14.2992,1
C1_2_3,200,C1,CLASSIC,6,6,18,2837.63,14.2635,1
C1_2_3,200,C1,CLASSIC,8,8,18,2786.38,14.2365,1
C1_2_3,200,C1,CLASSIC,9,9,18,2831.39,14.2041,1
C1_2_3,200,C1,CLASSIC,3,3,18,2791.03,14.443,1
C1_2_3,200,C1,CLASSIC,5,5,18,2793.96,14.3922,1
C1_2_3,200,C1,CLASSIC,7,7,18,2787.8,14.4402,1
C1_2_3,200,C1,CLASSIC,10,10,18,2819.69,14.5452,1
C1_2_3,200,C1,QLEARNING,1,1,18,2763.96,15.8706,1
C1_2_3,200,C1,QLEARNING,2,2,18,2765.58,16.2214,1
C1_2_3,200,C1,QLEARNING,5,5,18,2723.73,15.5434,1
C1_2_3,200,C1,QLEARNING,3,3,18,2731.37,15.9716,1
C1_2_3,200,C1,QLEARNING,4,4,18,2750.82,16.0686,1
C1_2_3,200,C1,QLEARNING,6,6,18,2748.9,15.9267,1
C1_2_3,200,C1,QLEARNING,7,7,18,2765.26,15.9763,1
C1_2_3,200,C1,QLEARNING,10,10,18,2758.57,15.784,1
C1_2_3,200,C1,QLEARNING,8,8,18,2762.12,16.0688,1
C1_2_3,200,C1,QLEARNING,9,9,18,2744.97,16.146,1
C1_2_4,200,C1,CLASSIC,1,1,18,2775.47,17.1503,1
C1_2_4,200,C1,CLASSIC,2,2,18,2756.85,17.2164,1
C1_2_4,200,C1,CLASSIC,4,4,18,2790.89,17.2131,1
C1_2_4,200,C1,CLASSIC,3,3,18,2792.21,17.6262,1
C1_2_5,200,C1,CLASSIC,1,1,20,2702.05,10.0817,1
C1_2_5,200,C1,CLASSIC,2,2,20,2702.05,10.1382,1
C1_2_5,200,C1,CLASSIC,3,3,20,2702.05,10.0903,1
C1_2_5,200,C1,CLASSIC,4,4,20,2702.05,10.0602,1
C1_2_5,200,C1,CLASSIC,5,5,20,2702.05,10.1168,1
C1_2_5,200,C1,CLASSIC,6,6,20,2702.05,10.0064,1
C1_2_5,200,C1,CLASSIC,7,7,20,2702.05,10.0183,1
C1_2_5,200,C1,CLASSIC,8,8,20,2702.05,10.1871,1
C1_2_5,200,C1,CLASSIC,9,9,20,2702.05,10.0901,1
C1_2_5,200,C1,CLASSIC,10,10,20,2702.05,10.097,1
C1_2_5,200,C1,QLEARNING,1,1,20,2702.05,10.477,1
C1_2_5,200,C1,QLEARNING,2,2,20,2702.05,10.465,1
C1_2_4,200,C1,CLASSIC,6,6,18,2810.01,16.9648,1
C1_2_5,200,C1,QLEARNING,3,3,20,2702.05,10.4196,1
C1_2_4,200,C1,QLEARNING,1,1,18,2665.63,16.7317,1
C1_2_4,200,C1,CLASSIC,5,5,18,2706.13,17.2944,1
C1_2_5,200,C1,QLEARNING,4,4,20,2702.05,10.5301,1
C1_2_4,200,C1,CLASSIC,9,9,18,2783.53,17.2395,1
C1_2_4,200,C1,CLASSIC,7,7,18,2658.46,17.3587,1
C1_2_4,200,C1,CLASSIC,8,8,18,2651.41,17.3879,1
C1_2_4,200,C1,CLASSIC,10,10,18,2656.65,17.5121,1
C1_2_4,200,C1,QLEARNING,2,2,18,2674.54,17.4465,1
C1_2_4,200,C1,QLEARNING,3,3,18,2684.12,17.8203,1
C1_2_4,200,C1,QLEARNING,8,8,18,2667.29,17.5068,1
C1_2_5,200,C1,QLEARNING,5,5,20,2702.05,10.4969,1
C1_2_4,200,C1,QLEARNING,6,6,18,2685.37,17.5678,1
C1_2_4,200,C1,QLEARNING,9,9,18,2662.93,17.5354,1
C1_2_4,200,C1,QLEARNING,4,4,18,2681.89,17.9134,1
C1_2_5,200,C1,QLEARNING,6,6,20,2702.05,10.4987,1
C1_2_4,200,C1,QLEARNING,7,7,18,2673.35,17.724,1
C1_2_4,200,C1,QLEARNING,10,10,18,2689.01,17.6861,1
C1_2_4,200,C1,QLEARNING,5,5,18,2678.26,17.9135,1
C1_2_5,200,C1,QLEARNING,7,7,20,2702.05,10.5097,1
C1_2_5,200,C1,QLEARNING,8,8,20,2702.05,10.3814,1
C1_2_5,200,C1,QLEARNING,9,9,20,2702.05,10.3736,1
C1_2_5,200,C1,QLEARNING,10,10,20,2702.05,10.5788,1
C1_2_6,200,C1,CLASSIC,2,2,20,2701.04,10.952,1
C1_2_6,200,C1,CLASSIC,1,1,20,2701.04,10.962,1
C1_2_6,200,C1,CLASSIC,3,3,20,2701.04,10.9622,1
C1_2_6,200,C1,CLASSIC,4,4,20,2701.04,10.982,1
C1_2_6,200,C1,CLASSIC,5,5,20,2701.04,10.9569,1
C1_2_6,200,C1,CLASSIC,6,6,20,2701.04,10.9521,1
C1_2_6,200,C1,CLASSIC,7,7,20,2701.04,10.9662,1
C1_2_6,200,C1,CLASSIC,8,8,20,2701.04,11.0207,1
C1_2_6,200,C1,CLASSIC,9,9,20,2701.04,10.8658,1
C1_2_6,200,C1,CLASSIC,10,10,20,2701.04,10.9733,1
C1_2_6,200,C1,QLEARNING,1,1,20,2701.04,11.3854,1
C1_2_6,200,C1,QLEARNING,4,4,20,2701.04,11.4078,1
C1_2_6,200,C1,QLEARNING,2,2,20,2701.04,11.6596,1
C1_2_6,200,C1,QLEARNING,5,5,20,2701.04,11.4679,1
C1_2_6,200,C1,QLEARNING,3,3,20,2701.04,11.5581,1
C1_2_6,200,C1,QLEARNING,6,6,20,2701.04,11.4229,1
C1_2_6,200,C1,QLEARNING,8,8,20,2701.04,11.3856,1
C1_2_6,200,C1,QLEARNING,7,7,20,2701.04,11.5507,1
C1_2_7,200,C1,CLASSIC,1,1,20,2701.04,11.2641,1
C1_2_7,200,C1,CLASSIC,2,2,20,2701.04,11.2368,1
C1_2_7,200,C1,CLASSIC,4,4,20,2701.04,11.1462,1
C1_2_7,200,C1,CLASSIC,3,3,20,2701.04,11.2494,1
C1_2_7,200,C1,CLASSIC,6,6,20,2701.04,11.2141,1
C1_2_7,200,C1,CLASSIC,5,5,20,2701.04,11.2787,1
C1_2_7,200,C1,CLASSIC,7,7,20,2701.04,11.2834,1
C1_2_6,200,C1,QLEARNING,10,10,20,2701.04,11.555,1
C1_2_6,200,C1,QLEARNING,9,9,20,2701.04,11.6162,1
C1_2_7,200,C1,CLASSIC,8,8,20,2701.04,11.2853,1
C1_2_7,200,C1,CLASSIC,9,9,20,2701.04,11.3397,1
C1_2_7,200,C1,CLASSIC,10,10,20,2701.04,11.2811,1
C1_2_7,200,C1,QLEARNING,1,1,20,2701.04,11.612,1
C1_2_7,200,C1,QLEARNING,2,2,20,2701.04,11.5277,1
C1_2_7,200,C1,QLEARNING,4,4,20,2701.04,11.671,1
C1_2_7,200,C1,QLEARNING,3,3,20,2701.04,11.9303,1
C1_2_7,200,C1,QLEARNING,5,5,20,2701.04,11.7088,1
C1_2_7,200,C1,QLEARNING,7,7,20,2701.04,11.7437,1
C1_2_7,200,C1,QLEARNING,8,8,20,2701.04,11.7331,1
C1_2_7,200,C1,QLEARNING,6,6,20,2701.04,11.8684,1
C1_2_7,200,C1,QLEARNING,10,10,20,2701.04,11.5016,1
C1_2_7,200,C1,QLEARNING,9,9,20,2701.04,11.7915,1
C1_2_8,200,C1,CLASSIC,1,1,19,2877.47,13.0971,1
C1_2_8,200,C1,CLASSIC,5,5,19,2818.45,12.1451,1
C1_2_8,200,C1,CLASSIC,3,3,19,2842.45,12.5613,1
C1_2_8,200,C1,CLASSIC,8,8,19,2883.5,12.1457,1
C1_2_8,200,C1,CLASSIC,6,6,19,2833.83,12.3412,1
C1_2_8,200,C1,CLASSIC,2,2,19,2841.43,13.3421,1
C1_2_8,200,C1,CLASSIC,9,9,19,2828.23,12.2774,1
C1_2_8,200,C1,CLASSIC,4,4,20,2693.25,13.3494,1
C1_2_8,200,C1,CLASSIC,7,7,20,2693.77,13.2822,1
C1_2_8,200,C1,QLEARNING,2,2,19,2806.92,12.5159,1
C1_2_8,200,C1,QLEARNING,1,1,19,2846.14,12.7338,1
C1_2_8,200,C1,QLEARNING,6,6,19,2811.4,12.6356,1
C1_2_8,200,C1,CLASSIC,10,10,20,2695.44,13.3687,1
C1_2_8,200,C1,QLEARNING,3,3,19,2795.81,13.2191,1
C1_2_8,200,C1,QLEARNING,10,10,19,2835.24,12.9768,1
C1_2_8,200,C1,QLEARNING,9,9,19,2812.78,13.485,1
C1_2_8,200,C1,QLEARNING,5,5,19,2860.34,13.7084,1
C1_2_8,200,C1,QLEARNING,4,4,20,2690.5,13.8287,1
C1_2_8,200,C1,QLEARNING,8,8,20,2690.91,13.7974,1
C1_2_8,200,C1,QLEARNING,7,7,20,2690.77,14.1885,1
C1_2_9,200,C1,CLASSIC,2,2,18,2826.68,11.7798,1
C1_2_9,200,C1,CLASSIC,4,4,18,2882.27,9.69475,1
C1_2_9,200,C1,CLASSIC,1,1,19,2697.81,14.3409,1
C1_2_9,200,C1,CLASSIC,3,3,19,2732.35,14.3056,1
C1_2_9,200,C1,CLASSIC,5,5,19,2673.17,14.4485,1
C1_2_9,200,C1,CLASSIC,6,6,19,2681.89,14.3506,1
C1_2_9,200,C1,CLASSIC,7,7,19,2712.86,14.3169,1
C1_2_9,200,C1,CLASSIC,8,8,19,2701.06,14.3216,1
C1_2_9,200,C1,CLASSIC,10,10,19,2722.51,14.313,1
C1_2_9,200,C1,CLASSIC,9,9,19,2709.71,14.3836,1
C1_2_9,200,C1,QLEARNING,1,1,19,2661.97,15.2447,1
C1_2_9,200,C1,QLEARNING,2,2,19,2651.33,15.6914,1
C1_2_9,200,C1,QLEARNING,6,6,18,2798.03,13.9995,1
C1_2_10,200,C1,CLASSIC,1,1,18,2896.59,12.8518,1
C1_2_10,200,C1,CLASSIC,4,4,18,2668.03,13.4105,1
C1_2_9,200,C1,QLEARNING,9,9,18,2864.36,14.8025,1
C1_2_9,200,C1,QLEARNING,10,10,18,2815.66,14.1454,1
C1_2_9,200,C1,QLEARNING,3,3,19,2654.18,15.4398,1
C1_2_9,200,C1,QLEARNING,5,5,19,2648.66,15.2995,1
C1_2_9,200,C1,QLEARNING,4,4,19,2648.92,15.4529,1
C1_2_10,200,C1,CLASSIC,2,2,18,2802.21,14.2898,1
C1_2_9,200,C1,QLEARNING,8,8,19,2660.65,15.3277,1
C1_2_9,200,C1,QLEARNING,7,7,19,2649.66,15.4887,1
C1_2_10,200,C1,CLASSIC,7,7,18,2729.55,13.6714,1
C1_2_10,200,C1,CLASSIC,9,9,18,2747.82,13.1795,1
C1_2_10,200,C1,CLASSIC,6,6,18,2710.79,14.443,1
C1_2_10,200,C1,CLASSIC,3,3,18,2720.8,15.0697,1
C1_2_10,200,C1,CLASSIC,8,8,18,2976.04,14.1989,1
C1_2_10,200,C1,CLASSIC,5,5,18,2699.06,15.1106,1
C1_2_10,200,C1,CLASSIC,10,10,18,2758.78,14.418,1
C1_2_10,200,C1,QLEARNING,1,1,18,2713.23,15.0665,1
C1_2_10,200,C1,QLEARNING,2,2,18,2717.52,15.527,1
C1_2_10,200,C1,QLEARNING,4,4,18,2742.55,15.1568,1
C1_2_10,200,C1,QLEARNING,3,3,18,2703.55,16.2866,1
C1_2_10,200,C1,QLEARNING,5,5,18,2682,14.9289,1
C1_2_10,200,C1,QLEARNING,6,6,18,2681.72,16.4094,1
C1_2_10,200,C1,QLEARNING,8,8,18,2688.46,15.1096,1
C1_2_10,200,C1,QLEARNING,9,9,18,2721.22,15.126,1
C1_2_10,200,C1,QLEARNING,10,10,18,2728.77,15.0189,1
C2_2_1,200,C2,CLASSIC,1,1,6,1931.44,15.3803,1
C1_2_10,200,C1,QLEARNING,7,7,18,2697.66,15.8487,1
C2_2_1,200,C2,CLASSIC,2,2,6,1931.44,15.6129,1
C2_2_1,200,C2,CLASSIC,3,3,6,1931.44,15.6797,1
C2_2_1,200,C2,CLASSIC,4,4,6,1931.44,15.6881,1
C2_2_1,200,C2,CLASSIC,5,5,6,1931.44,15.336,1
C2_2_1,200,C2,QLEARNING,2,2,6,1931.44,14.5179,1
C2_2_1,200,C2,QLEARNING,4,4,6,1931.44,14.5944,1
C2_2_1,200,C2,QLEARNING,1,1,6,1931.44,14.7818,1
C2_2_1,200,C2,CLASSIC,6,6,6,1931.44,15.8753,1
C2_2_1,200,C2,QLEARNING,7,7,6,1931.44,14.6557,1
C2_2_1,200,C2,QLEARNING,6,6,6,1931.44,14.7284,1
C2_2_1,200,C2,QLEARNING,3,3,6,1931.44,15.1319,1
C2_2_1,200,C2,CLASSIC,10,10,6,1931.44,15.3486,1
C2_2_1,200,C2,CLASSIC,9,9,6,1931.44,15.4516,1
C2_2_1,200,C2,CLASSIC,7,7,6,1931.44,15.7411,1
C2_2_1,200,C2,QLEARNING,5,5,6,1931.44,15.1538,1
C2_2_1,200,C2,CLASSIC,8,8,6,1931.44,15.5853,1
C2_2_1,200,C2,QLEARNING,10,10,6,1931.44,14.4803,1
C2_2_1,200,C2,QLEARNING,8,8,6,1931.44,14.7926,1
C2_2_1,200,C2,QLEARNING,9,9,6,1931.44,14.8137,1
C2_2_2,200,C2,CLASSIC,1,1,6,1877.43,26.9841,1
C2_2_2,200,C2,CLASSIC,2,2,6,1880.21,27.1554,1
C2_2_2,200,C2,CLASSIC,3,3,6,1868.63,27.4033,1
C2_2_2,200,C2,CLASSIC,4,4,6,1867.09,27.0064,1
C2_2_2,200,C2,CLASSIC,5,5,6,1888.45,27.3148,1
C2_2_2,200,C2,CLASSIC,6,6,6,1879.55,27.0478,1
C2_2_2,200,C2,CLASSIC,7,7,6,1884.9,27.1164,1
C2_2_2,200,C2,CLASSIC,8,8,6,1880.72,27.0664,1
C2_2_2,200,C2,QLEARNING,1,1,6,1863.96,25.5153,1
C2_2_2,200,C2,QLEARNING,2,2,6,1863.89,25.7058,1
C2_2_2,200,C2,QLEARNING,4,4,6,1867.09,26.1338,1
C2_2_2,200,C2,CLASSIC,10,10,6,1863.89,27.2214,1
C2_2_2,200,C2,CLASSIC,9,9,6,1881.04,27.434,1
C2_2_2,200,C2,QLEARNING,3,3,6,1865.51,26.4967,1
C2_2_2,200,C2,QLEARNING,5,5,6,1863.96,25.8268,1
C2_2_2,200,C2,QLEARNING,6,6,6,1863.96,26.0773,1
C2_2_2,200,C2,QLEARNING,7,7,6,1863.16,25.9908,1
C2_2_2,200,C2,QLEARNING,8,8,6,1863.96,25.7493,1
C2_2_2,200,C2,QLEARNING,9,9,6,1863.96,25.9184,1
C2_2_2,200,C2,QLEARNING,10,10,6,1863.96,26.7401,1
C2_2_3,200,C2,QLEARNING,1,1,6,1828.36,32.2199,1
C2_2_3,200,C2,QLEARNING,2,2,6,1839.03,33.5768,1
C2_2_3,200,C2,CLASSIC,8,8,6,1836.21,34.1986,1
C2_2_3,200,C2,CLASSIC,3,3,6,1840.88,34.7382,1
C2_2_3,200,C2,CLASSIC,1,1,6,1872.04,34.6791,1
C2_2_3,200,C2,CLASSIC,2,2,6,1853.31,34.9082,1
C2_2_3,200,C2,CLASSIC,4,4,6,1807.33,34.6533,1
C2_2_3,200,C2,CLASSIC,7,7,6,1805.08,34.7213,1
C2_2_3,200,C2,CLASSIC,9,9,6,1828,34.7768,1
C2_2_3,200,C2,CLASSIC,5,5,6,1872.37,34.9995,1
C2_2_3,200,C2,CLASSIC,6,6,6,1842.2,35.0718,1
C2_2_3,200,C2,CLASSIC,10,10,6,1846.8,35.4483,1
C2_2_3,200,C2,QLEARNING,3,3,6,1827.77,32.7065,1
C2_2_3,200,C2,QLEARNING,4,4,6,1831.6,33.1259,1
C2_2_3,200,C2,QLEARNING,5,5,6,1847.6,32.4589,1
C2_2_3,200,C2,QLEARNING,6,6,6,1832.07,32.5725,1
C2_2_3,200,C2,QLEARNING,7,7,6,1820.37,32.6014,1
C2_2_3,200,C2,QLEARNING,8,8,6,1837.49,32.9146,1
C2_2_3,200,C2,QLEARNING,9,9,6,1833.7,32.4796,1
C2_2_3,200,C2,QLEARNING,10,10,6,1829.14,32.48,1
C2_2_5,200,C2,CLASSIC,2,2,6,1879.62,18.7048,1
C2_2_5,200,C2,CLASSIC,1,1,6,1879.31,18.8022,1
C2_2_5,200,C2,CLASSIC,3,3,6,1881.89,19.0411,1
C2_2_5,200,C2,CLASSIC,4,4,6,1879.31,18.7302,1
C2_2_4,200,C2,QLEARNING,1,1,6,1767.47,36.0533,1
C2_2_4,200,C2,CLASSIC,1,1,6,1794.95,41.1102,1
C2_2_4,200,C2,CLASSIC,5,5,6,1781.53,40.8704,1
C2_2_4,200,C2,QLEARNING,2,2,6,1800.63,36.7435,1
C2_2_4,200,C2,CLASSIC,4,4,6,1763.75,41.3814,1
C2_2_4,200,C2,CLASSIC,3,3,6,1812.63,41.5485,1
C2_2_4,200,C2,CLASSIC,2,2,6,1868.67,42.3531,1
C2_2_5,200,C2,CLASSIC,5,5,6,1879.31,18.8362,1
C2_2_5,200,C2,CLASSIC,6,6,6,1879.31,18.9479,1
C2_2_4,200,C2,CLASSIC,7,7,6,1823.09,41.8913,1
C2_2_5,200,C2,CLASSIC,7,7,6,1879.31,18.9361,1
C2_2_5,200,C2,CLASSIC,8,8,6,1883.51,18.8743,1
C2_2_4,200,C2,CLASSIC,9,9,6,1785.79,41.6601,1
C2_2_4,200,C2,CLASSIC,10,10,6,1845.64,41.8104,1
C2_2_4,200,C2,CLASSIC,8,8,6,1773.51,42.5098,1
C2_2_5,200,C2,CLASSIC,9,9,6,1879.31,18.7307,1
C2_2_4,200,C2,CLASSIC,6,6,6,1801.42,42.6419,1
C2_2_5,200,C2,QLEARNING,1,1,6,1879.31,17.8812,1
C2_2_5,200,C2,CLASSIC,10,10,6,1879.96,19.0339,1
C2_2_4,200,C2,QLEARNING,3,3,6,1768.67,36.2468,1
C2_2_4,200,C2,QLEARNING,6,6,6,1768.15,35.428,1
C2_2_4,200,C2,QLEARNING,5,5,6,1785.1,36.1302,1
C2_2_4,200,C2,QLEARNING,4,4,6,1739.11,36.8984,1
C2_2_4,200,C2,QLEARNING,8,8,6,1765.55,36.5668,1
C2_2_5,200,C2,QLEARNING,3,3,6,1879.96,17.4728,1
C2_2_4,200,C2,QLEARNING,7,7,6,1789.35,36.2122,1
C2_2_4,200,C2,QLEARNING,9,9,6,1778.7,36.7772,1
C2_2_5,200,C2,QLEARNING,5,5,6,1879.31,17.3306,1
C2_2_5,200,C2,QLEARNING,4,4,6,1879.31,18.0033,1
C2_2_5,200,C2,QLEARNING,2,2,6,1879.31,18.3607,1
C2_2_5,200,C2,QLEARNING,6,6,6,1883.51,17.417,1
C2_2_4,200,C2,QLEARNING,10,10,6,1770.5,37.2596,1
C2_2_5,200,C2,QLEARNING,7,7,6,1879.31,18.2989,1
C2_2_5,200,C2,QLEARNING,8,8,6,1879.31,18.3727,1
C2_2_5,200,C2,QLEARNING,9,9,6,1879.31,17.7885,1
C2_2_5,200,C2,QLEARNING,10,10,6,1879.31,17.8038,1
C2_2_6,200,C2,CLASSIC,1,1,6,1860.38,23.5648,1
C2_2_6,200,C2,QLEARNING,1,1,6,1858.59,20.6679,1
C2_2_6,200,C2,CLASSIC,3,3,6,1857.41,23.5325,1
C2_2_6,200,C2,CLASSIC,2,2,6,1865.75,23.9267,1
C2_2_6,200,C2,QLEARNING,2,2,6,1858.72,20.7954,1
C2_2_6,200,C2,CLASSIC,4,4,6,1858.46,23.6543,1
C2_2_6,200,C2,QLEARNING,4,4,6,1857.84,20.579,1
C2_2_6,200,C2,QLEARNING,3,3,6,1857.35,21.1292,1
C2_2_6,200,C2,CLASSIC,6,6,6,1857.35,23.5175,1
C2_2_6,200,C2,CLASSIC,5,5,6,1857.35,23.5508,1
C2_2_6,200,C2,CLASSIC,7,7,6,1860.66,23.2545,1
C2_2_6,200,C2,QLEARNING,6,6,6,1859.91,20.3654,1
C2_2_6,200,C2,QLEARNING,5,5,6,1857.35,20.869,1
C2_2_6,200,C2,CLASSIC,8,8,6,1857.93,23.4499,1
C2_2_6,200,C2,CLASSIC,9,9,6,1858.55,23.7696,1
C2_2_6,200,C2,QLEARNING,7,7,6,1857.83,20.3004,1
C2_2_6,200,C2,CLASSIC,10,10,6,1858.85,23.5185,1
C2_2_6,200,C2,QLEARNING,8,8,6,1858.64,20.5426,1
C2_2_6,200,C2,QLEARNING,10,10,6,1857.83,20.6022,1
C2_2_6,200,C2,QLEARNING,9,9,6,1857.35,20.9546,1
C2_2_7,200,C2,CLASSIC,1,1,6,1849.47,24.709,1
C2_2_7,200,C2,CLASSIC,5,5,6,1851.66,24.4905,1
C2_2_7,200,C2,CLASSIC,4,4,6,1852.05,24.8832,1
C2_2_7,200,C2,CLASSIC,3,3,6,1853.2,25.0649,1
C2_2_7,200,C2,CLASSIC,6,6,6,1856.3,24.7863,1
C2_2_7,200,C2,CLASSIC,8,8,6,1861.74,24.6592,1
C2_2_7,200,C2,CLASSIC,7,7,6,1852.44,25.3188,1
C2_2_7,200,C2,CLASSIC,2,2,6,1852.83,25.4822,1
C2_2_7,200,C2,QLEARNING,1,1,6,1850.71,22.9163,1
C2_2_7,200,C2,CLASSIC,9,9,6,1854.6,24.5475,1
C2_2_7,200,C2,QLEARNING,2,2,6,1850.89,23.1387,1
C2_2_7,200,C2,CLASSIC,10,10,6,1853.18,25.1718,1
C2_2_7,200,C2,QLEARNING,3,3,6,1854.14,22.7822,1
C2_2_7,200,C2,QLEARNING,5,5,6,1853.66,22.7923,1
C2_2_7,200,C2,QLEARNING,4,4,6,1851.27,23.1917,1
C2_2_7,200,C2,QLEARNING,7,7,6,1853.79,22.9071,1
C2_2_7,200,C2,QLEARNING,6,6,6,1853.55,23.1182,1
C2_2_7,200,C2,QLEARNING,8,8,6,1851.42,23.1375,1
C2_2_7,200,C2,QLEARNING,9,9,6,1852.4,23.016,1
C2_2_7,200,C2,QLEARNING,10,10,6,1853.44,23.2926,1
C2_2_8,200,C2,QLEARNING,1,1,6,1838.44,22.2152,1
C2_2_8,200,C2,CLASSIC,1,1,6,1858.79,25.1179,1
C2_2_8,200,C2,CLASSIC,2,2,6,1843.83,25.2636,1
C2_2_8,200,C2,CLASSIC,3,3,6,1833.14,25.2596,1
C2_2_8,200,C2,QLEARNING,2,2,6,1833.98,22.5094,1
C2_2_8,200,C2,CLASSIC,5,5,6,1843.62,25.3291,1
C2_2_8,200,C2,CLASSIC,4,4,6,1844.96,25.4316,1
C2_2_8,200,C2,CLASSIC,6,6,6,1846.92,25.4258,1
C2_2_8,200,C2,CLASSIC,8,8,6,1841.57,25.3052,1
C2_2_8,200,C2,CLASSIC,7,7,6,1856.15,25.379,1
C2_2_8,200,C2,CLASSIC,9,9,6,1844.68,25.4706,1
C2_2_8,200,C2,CLASSIC,10,10,6,1847.94,25.0356,1
C2_2_8,200,C2,QLEARNING,3,3,6,1832.15,22.5812,1
C2_2_8,200,C2,QLEARNING,4,4,6,1843.58,22.5301,1
C2_2_8,200,C2,QLEARNING,5,5,6,1836.68,22.6633,1
C2_2_8,200,C2,QLEARNING,8,8,6,1839.11,22.1035,1
C2_2_8,200,C2,QLEARNING,6,6,6,1831.34,22.6263,1
C2_2_8,200,C2,QLEARNING,7,7,6,1834.3,22.7496,1
C2_2_8,200,C2,QLEARNING,9,9,6,1835.29,22.6226,1
C2_2_8,200,C2,QLEARNING,10,10,6,1838.82,22.8742,1
C2_2_9,200,C2,CLASSIC,2,2,6,1856,29.2404,1
C2_2_9,200,C2,CLASSIC,1,1,6,1838.82,29.6497,1
C2_2_9,200,C2,CLASSIC,3,3,6,1839.35,29.6548,1
C2_2_9,200,C2,CLASSIC,4,4,6,1840.28,29.3632,1
C2_2_9,200,C2,QLEARNING,1,1,6,1848.39,25.9963,1
C2_2_9,200,C2,QLEARNING,2,2,6,1836.03,26.531,1
C2_2_9,200,C2,QLEARNING,3,3,6,1841.68,25.6886,1
C2_2_9,200,C2,CLASSIC,5,5,6,1844.97,29.3098,1
C2_2_9,200,C2,CLASSIC,7,7,6,1846.79,29.1894,1
C2_2_9,200,C2,CLASSIC,9,9,6,1842.69,29.0839,1
C2_2_9,200,C2,CLASSIC,6,6,6,1846.62,29.6505,1
C2_2_9,200,C2,CLASSIC,8,8,6,1842.41,29.4701,1
C2_2_9,200,C2,QLEARNING,9,9,6,1841.83,25.6514,1
C2_2_9,200,C2,QLEARNING,6,6,6,1855.43,26.0741,1
C2_2_9,200,C2,QLEARNING,5,5,6,1844.39,26.1265,1
C2_2_9,200,C2,QLEARNING,4,4,6,1839.73,26.3067,1
C2_2_9,200,C2,QLEARNING,7,7,6,1863.92,26.1439,1
C2_2_9,200,C2,QLEARNING,8,8,6,1843.06,25.8316,1
C2_2_9,200,C2,CLASSIC,10,10,6,1847.87,29.2636,1
C2_2_9,200,C2,QLEARNING,10,10,6,1850.62,25.9575,1
C2_2_10,200,C2,CLASSIC,1,1,6,1832.16,30.4432,1
C2_2_10,200,C2,QLEARNING,1,1,6,1818.24,26.1548,1
C2_2_10,200,C2,CLASSIC,4,4,6,1816.72,30.2819,1
C2_2_10,200,C2,CLASSIC,2,2,6,1827.63,30.8214,1
C2_2_10,200,C2,CLASSIC,3,3,6,1813.87,30.7787,1
C2_2_10,200,C2,QLEARNING,2,2,6,1826.42,26.1708,1
R1_2_1,200,R1,CLASSIC,2,2,20,4920.12,8.57576,1
R1_2_1,200,R1,CLASSIC,1,1,20,4990.35,8.62692,1
C2_2_10,200,C2,CLASSIC,6,6,6,1840.88,29.9572,1
R1_2_1,200,R1,CLASSIC,3,3,20,4893.48,8.61004,1
R1_2_1,200,R1,CLASSIC,4,4,20,4993.58,8.52995,1
C2_2_10,200,C2,CLASSIC,5,5,6,1834.97,30.5159,1
R1_2_1,200,R1,CLASSIC,5,5,20,5028.28,8.56044,1
R1_2_1,200,R1,CLASSIC,6,6,20,4906.56,8.54415,1
R1_2_1,200,R1,CLASSIC,8,8,20,5022.79,8.57144,1
R1_2_1,200,R1,CLASSIC,10,10,20,4913.8,8.50095,1
R1_2_1,200,R1,CLASSIC,9,9,20,4892.94,8.50657,1
R1_2_1,200,R1,CLASSIC,7,7,20,4840.12,8.69534,1
C2_2_10,200,C2,CLASSIC,10,10,6,1813.23,30.0751,1
C2_2_10,200,C2,CLASSIC,9,9,6,1822.49,30.3096,1
C2_2_10,200,C2,CLASSIC,8,8,6,1814.87,30.5666,1
C2_2_10,200,C2,CLASSIC,7,7,6,1819.99,30.5085,1
R1_2_1,200,R1,QLEARNING,1,1,20,4873.48,9.30531,1
R1_2_1,200,R1,QLEARNING,2,2,20,4933.96,9.24835,1
R1_2_1,200,R1,QLEARNING,3,3,20,4871.92,9.18601,1
R1_2_1,200,R1,QLEARNING,5,5,20,4874.95,9.18197,1
R1_2_1,200,R1,QLEARNING,6,6,20,4877.75,9.28471,1
R1_2_1,200,R1,QLEARNING,4,4,20,4852.67,9.47051,1
R1_2_1,200,R1,QLEARNING,7,7,20,4872.29,9.32441,1
R1_2_1,200,R1,QLEARNING,8,8,20,4890.7,9.43367,1
R1_2_1,200,R1,QLEARNING,9,9,20,4884.17,9.24535,1
R1_2_1,200,R1,QLEARNING,10,10,20,4867.07,9.42241,1
R1_2_2,200,R1,CLASSIC,1,1,18,4324.2,10.3591,1
R1_2_2,200,R1,CLASSIC,3,3,18,4425.47,10.3863,1
R1_2_2,200,R1,CLASSIC,2,2,18,4484.62,10.5401,1
R1_2_2,200,R1,CLASSIC,4,4,18,4474.43,10.5962,1
R1_2_2,200,R1,CLASSIC,5,5,18,4420.79,10.5813,1
R1_2_2,200,R1,CLASSIC,9,9,18,4449.12,10.4486,1
R1_2_2,200,R1,CLASSIC,6,6,18,4407.29,10.6414,1
R1_2_2,200,R1,CLASSIC,7,7,18,4331.63,10.5676,1
R1_2_2,200,R1,CLASSIC,8,8,18,4379.16,10.5392,1
R1_2_2,200,R1,CLASSIC,10,10,18,4463.47,10.5214,1
C2_2_10,200,C2,QLEARNING,4,4,6,1819.11,26.1023,1
C2_2_10,200,C2,QLEARNING,3,3,6,1818.11,26.6392,1
C2_2_10,200,C2,QLEARNING,5,5,6,1812.28,26.8993,1
C2_2_10,200,C2,QLEARNING,6,6,6,1817.33,26.9768,1
R1_2_2,200,R1,QLEARNING,3,3,18,4238.32,12.5392,1
R1_2_2,200,R1,QLEARNING,2,2,18,4355.01,13.0092,1
R1_2_2,200,R1,QLEARNING,1,1,18,4361.41,13.1444,1
R1_2_2,200,R1,QLEARNING,4,4,18,4261.95,12.7064,1
R1_2_2,200,R1,QLEARNING,6,6,18,4349.02,12.6441,1
R1_2_2,200,R1,QLEARNING,5,5,18,4345.85,13.069,1
C2_2_10,200,C2,QLEARNING,7,7,6,1839.21,26.4294,1
C2_2_10,200,C2,QLEARNING,10,10,6,1822,26.1337,1
C2_2_10,200,C2,QLEARNING,9,9,6,1820.35,26.4118,1
C2_2_10,200,C2,QLEARNING,8,8,6,1818.02,27.0844,1
R1_2_2,200,R1,QLEARNING,7,7,18,4330.17,12.7747,1
R1_2_2,200,R1,QLEARNING,9,9,18,4307.19,12.6037,1
R1_2_2,200,R1,QLEARNING,8,8,18,4259.44,12.7902,1
R1_2_2,200,R1,QLEARNING,10,10,18,4316.34,12.8375,1
R1_2_3,200,R1,CLASSIC,1,1,18,3646.56,14.0195,1
R1_2_3,200,R1,CLASSIC,2,2,18,3759.7,14.0964,1
R1_2_3,200,R1,CLASSIC,4,4,18,3683.7,14.0046,1
R1_2_3,200,R1,CLASSIC,3,3,18,3727.17,14.2954,1
R1_2_3,200,R1,CLASSIC,5,5,18,3752.6,14.0872,1
R1_2_3,200,R1,CLASSIC,6,6,18,3716.84,14.0382,1
R1_2_3,200,R1,CLASSIC,7,7,18,3798.6,14.1823,1
R1_2_3,200,R1,CLASSIC,8,8,18,3758.22,14.1369,1
R1_2_3,200,R1,CLASSIC,9,9,18,3711.57,14.167,1
R1_2_3,200,R1,CLASSIC,10,10,18,3713.5,14.235,1
R1_2_3,200,R1,QLEARNING,5,5,18,3530.9,15.6339,1
R1_2_3,200,R1,QLEARNING,4,4,18,3599.08,15.803,1
R1_2_3,200,R1,QLEARNING,1,1,18,3520.53,16.0187,1
R1_2_3,200,R1,QLEARNING,2,2,18,3611.06,16.1784,1
R1_2_3,200,R1,QLEARNING,3,3,18,3621.82,16.2631,1
R1_2_3,200,R1,QLEARNING,6,6,18,3540.02,16.0047,1
R1_2_3,200,R1,QLEARNING,7,7,18,3625.44,16.267,1
R1_2_3,200,R1,QLEARNING,8,8,18,3567.84,16.1638,1
R1_2_3,200,R1,QLEARNING,9,9,18,3558.6,16.1916,1
R1_2_3,200,R1,QLEARNING,10,10,18,3587.43,16.0734,1
R1_2_5,200,R1,CLASSIC,1,1,18,4700.76,7.10191,1
R1_2_4,200,R1,CLASSIC,1,1,18,3287,18.6012,1
R1_2_5,200,R1,CLASSIC,2,2,18,4605.99,7.1433,1
R1_2_4,200,R1,CLASSIC,2,2,18,3186.84,18.7388,1
R1_2_4,200,R1,CLASSIC,4,4,18,3291.03,18.5977,1
R1_2_4,200,R1,CLASSIC,3,3,18,3224.98,18.9091,1
R1_2_5,200,R1,CLASSIC,3,3,18,4612.69,7.0385,1
R1_2_4,200,R1,CLASSIC,5,5,18,3249.18,18.4298,1
R1_2_5,200,R1,CLASSIC,4,4,18,4681.73,7.08298,1
R1_2_5,200,R1,CLASSIC,6,6,18,4686.16,6.86522,1
R1_2_5,200,R1,CLASSIC,5,5,18,4542.21,7.08618,1
R1_2_5,200,R1,CLASSIC,7,7,18,4590.21,7.0909,1
R1_2_5,200,R1,CLASSIC,8,8,18,4731.37,7.0051,1
R1_2_4,200,R1,CLASSIC,6,6,18,3310.8,18.7098,1
R1_2_4,200,R1,CLASSIC,7,7,18,3368.92,18.5046,1
R1_2_4,200,R1,CLASSIC,10,10,18,3109.88,16.6059,1
R1_2_5,200,R1,CLASSIC,9,9,18,4796.26,7.0037,1
R1_2_5,200,R1,CLASSIC,10,10,18,4477.89,7.0435,1
R1_2_4,200,R1,CLASSIC,8,8,18,3376.01,18.8353,1
R1_2_4,200,R1,CLASSIC,9,9,18,3210.77,18.789,1
R1_2_4,200,R1,QLEARNING,1,1,18,3219.45,18.5023,1
R1_2_4,200,R1,QLEARNING,2,2,18,3235.18,18.7196,1
R1_2_5,200,R1,QLEARNING,2,2,18,4537.62,8.76458,1
R1_2_5,200,R1,QLEARNING,1,1,18,4543.79,8.83517,1
R1_2_4,200,R1,QLEARNING,3,3,18,3216.5,18.7374,1
R1_2_5,200,R1,QLEARNING,3,3,18,4544.2,8.73295,1
R1_2_5,200,R1,QLEARNING,5,5,18,4564.23,8.84086,1
R1_2_5,200,R1,QLEARNING,4,4,18,4433.46,8.97009,1
R1_2_5,200,R1,QLEARNING,6,6,18,4508.97,8.95596,1
R1_2_4,200,R1,QLEARNING,5,5,18,3224.63,18.3388,1
R1_2_5,200,R1,QLEARNING,7,7,18,4419.97,8.85218,1
R1_2_5,200,R1,QLEARNING,8,8,18,4536.29,8.95569,1
R1_2_4,200,R1,QLEARNING,4,4,18,3273.35,18.9927,1
R1_2_4,200,R1,QLEARNING,6,6,18,3228.81,19.1469,1
R1_2_5,200,R1,QLEARNING,9,9,18,4560.43,8.94155,1
R1_2_5,200,R1,QLEARNING,10,10,18,4515.42,9.10295,1
R1_2_4,200,R1,QLEARNING,8,8,18,3260,18.6775,1
R1_2_4,200,R1,QLEARNING,7,7,18,3165.14,18.8287,1
R1_2_4,200,R1,QLEARNING,9,9,18,3228.54,18.5001,1
R1_2_4,200,R1,QLEARNING,10,10,18,3244.37,18.7173,1
R1_2_6,200,R1,CLASSIC,2,2,18,4036.43,11.4695,1
R1_2_6,200,R1,CLASSIC,1,1,18,3867.23,11.6456,1
R1_2_6,200,R1,CLASSIC,3,3,18,3929.9,11.7567,1
R1_2_6,200,R1,CLASSIC,4,4,18,4067.95,11.6031,1
R1_2_6,200,R1,CLASSIC,5,5,18,3930.89,11.3733,1
R1_2_6,200,R1,CLASSIC,6,6,18,3913.96,11.5307,1
R1_2_6,200,R1,CLASSIC,7,7,18,3942.7,11.558,1
R1_2_6,200,R1,CLASSIC,8,8,18,3839.93,11.5088,1
R1_2_6,200,R1,CLASSIC,9,9,18,4015.61,11.5542,1
R1_2_6,200,R1,CLASSIC,10,10,18,4039.32,11.6953,1
R1_2_6,200,R1,QLEARNING,1,1,18,3725.15,13.8905,1
R1_2_6,200,R1,QLEARNING,3,3,18,3841.92,13.3614,1
R1_2_6,200,R1,QLEARNING,2,2,18,3842.81,13.5119,1
R1_2_6,200,R1,QLEARNING,6,6,18,3807.73,13.302,1
R1_2_6,200,R1,QLEARNING,5,5,18,3837.39,13.7958,1
R1_2_6,200,R1,QLEARNING,4,4,18,3775.02,13.8174,1
R1_2_6,200,R1,QLEARNING,7,7,18,3764.33,13.5411,1
R1_2_6,200,R1,QLEARNING,8,8,18,3812.54,13.8522,1
R1_2_6,200,R1,QLEARNING,10,10,18,3784.49,13.5968,1
R1_2_6,200,R1,QLEARNING,9,9,18,3767.49,13.8003,1
R1_2_7,200,R1,CLASSIC,2,2,18,3497.2,14.8789,1
R1_2_7,200,R1,CLASSIC,1,1,18,3496.34,15.0059,1
R1_2_7,200,R1,CLASSIC,3,3,18,3416.24,14.9521,1
R1_2_7,200,R1,CLASSIC,4,4,18,3396.87,15.0054,1
R1_2_7,200,R1,CLASSIC,6,6,18,3500.88,14.9471,1
R1_2_7,200,R1,CLASSIC,5,5,18,3374.57,15.1558,1
R1_2_7,200,R1,CLASSIC,7,7,18,3421.24,14.9872,1
R1_2_7,200,R1,CLASSIC,10,10,18,3467.13,14.8042,1
R1_2_7,200,R1,CLASSIC,8,8,18,3269.27,15.2077,1
R1_2_7,200,R1,CLASSIC,9,9,18,3226.23,15.596,1
R1_2_7,200,R1,QLEARNING,1,1,18,3321.48,16.6701,1
R1_2_7,200,R1,QLEARNING,2,2,18,3291.47,16.6933,1
R1_2_7,200,R1,QLEARNING,3,3,18,3292.62,16.3,1
R1_2_7,200,R1,QLEARNING,5,5,18,3334.34,16.3559,1
R1_2_7,200,R1,QLEARNING,4,4,18,3291.96,16.6187,1
R1_2_7,200,R1,QLEARNING,7,7,18,3295.94,16.5057,1
R1_2_7,200,R1,QLEARNING,6,6,18,3327.59,16.5935,1
R1_2_7,200,R1,QLEARNING,10,10,18,3332.35,16.1756,1
R1_2_7,200,R1,QLEARNING,9,9,18,3279.7,16.517,1
R1_2_7,200,R1,QLEARNING,8,8,18,3319.84,16.6581,1
R1_2_9,200,R1,CLASSIC,1,1,18,4276.83,8.41808,1
R1_2_9,200,R1,CLASSIC,2,2,18,4249.09,8.65714,1
R1_2_8,200,R1,CLASSIC,2,2,18,3078.02,19.2888,1
R1_2_8,200,R1,CLASSIC,1,1,18,3078.53,19.8242,1
R1_2_9,200,R1,CLASSIC,3,3,18,4333.88,8.37531,1
R1_2_9,200,R1,CLASSIC,4,4,18,4234.21,8.45282,1
R1_2_9,200,R1,CLASSIC,5,5,18,4310.66,8.43863,1
R1_2_8,200,R1,CLASSIC,3,3,18,3090.32,19.5764,1
R1_2_9,200,R1,CLASSIC,6,6,18,4158.56,8.40184,1
R1_2_9,200,R1,CLASSIC,7,7,18,4206.56,8.46999,1
R1_2_8,200,R1,CLASSIC,6,6,18,3172.67,18.9537,1
R1_2_8,200,R1,CLASSIC,5,5,18,3027.88,19.4103,1
R1_2_8,200,R1,CLASSIC,4,4,18,3014.6,19.4641,1
R1_2_9,200,R1,CLASSIC,9,9,18,4215.55,8.46897,1
R1_2_9,200,R1,CLASSIC,8,8,18,4220.9,8.51525,1
R1_2_8,200,R1,CLASSIC,7,7,18,3057.51,19.4738,1
R1_2_8,200,R1,CLASSIC,8,8,18,3300.87,19.5137,1
R1_2_9,200,R1,CLASSIC,10,10,18,4202.51,8.47455,1
R1_2_8,200,R1,CLASSIC,9,9,18,3239.88,19.6838,1
R1_2_8,200,R1,QLEARNING,1,1,18,3063.48,18.9215,1
R1_2_9,200,R1,QLEARNING,1,1,18,4037.04,9.90601,1
R1_2_8,200,R1,QLEARNING,2,2,18,3064.21,18.8839,1
R1_2_9,200,R1,QLEARNING,2,2,18,4091.66,10.1145,1
R1_2_8,200,R1,CLASSIC,10,10,18,3213.8,19.7549,1
R1_2_8,200,R1,QLEARNING,5,5,18,3118.37,18.4687,1
R1_2_8,200,R1,QLEARNING,3,3,18,3084.1,18.758,1
R1_2_8,200,R1,QLEARNING,4,4,18,3077.88,18.7997,1
R1_2_8,200,R1,QLEARNING,7,7,18,3123.51,18.3766,1
R1_2_8,200,R1,QLEARNING,6,6,18,3119.91,18.7559,1
R1_2_8,200,R1,QLEARNING,8,8,18,3101.7,18.6254,1
R1_2_8,200,R1,QLEARNING,9,9,18,3086.02,18.59,1
R1_2_9,200,R1,QLEARNING,3,3,18,4018.86,10.0716,1
R1_2_8,200,R1,QLEARNING,10,10,18,3073.61,18.9037,1
R1_2_9,200,R1,QLEARNING,4,4,18,4100.87,10.0308,1
R1_2_9,200,R1,QLEARNING,5,5,18,4077.76,10.0982,1
R1_2_9,200,R1,QLEARNING,6,6,18,4093.51,9.95912,1
R1_2_9,200,R1,QLEARNING,7,7,18,4049.11,9.9178,1
R1_2_9,200,R1,QLEARNING,8,8,18,3999.95,10.2385,1
R1_2_9,200,R1,QLEARNING,9,9,18,4015.78,10.1191,1
R1_2_9,200,R1,QLEARNING,10,10,18,4051.29,10.2932,1
R1_2_10,200,R1,CLASSIC,5,5,18,3370.36,11.2836,1
R1_2_10,200,R1,CLASSIC,1,1,18,3612.52,12.0585,1
R1_2_10,200,R1,CLASSIC,2,2,18,3643.81,12.09,1
R1_2_10,200,R1,CLASSIC,3,3,18,3644.42,12.0537,1
R1_2_10,200,R1,CLASSIC,4,4,18,3652.57,11.9747,1
R1_2_10,200,R1,CLASSIC,7,7,18,3516.6,12.0501,1
R1_2_10,200,R1,CLASSIC,6,6,18,3568.51,12.0617,1
R1_2_10,200,R1,CLASSIC,8,8,18,3614.2,12.0469,1
R1_2_10,200,R1,CLASSIC,9,9,18,3597.51,12.0083,1
R1_2_10,200,R1,CLASSIC,10,10,18,3565.2,11.9353,1
R1_2_10,200,R1,QLEARNING,1,1,18,3440.61,13.0662,1
R1_2_10,200,R1,QLEARNING,5,5,18,3441.32,12.9727,1
R1_2_10,200,R1,QLEARNING,3,3,18,3461.63,13.2354,1
R1_2_10,200,R1,QLEARNING,2,2,18,3396.12,13.2693,1
R1_2_10,200,R1,QLEARNING,4,4,18,3421.94,13.2442,1
R1_2_10,200,R1,QLEARNING,6,6,18,3438.36,13.1094,1
R1_2_10,200,R1,QLEARNING,9,9,18,3462.02,13.0924,1
R1_2_10,200,R1,QLEARNING,8,8,18,3376.57,13.1649,1
R1_2_10,200,R1,QLEARNING,7,7,18,3433.17,13.3145,1
R1_2_10,200,R1,QLEARNING,10,10,18,3417.11,13.0251,1
R2_2_1,200,R2,CLASSIC,1,1,5,4172.49,18.7093,1
R2_2_1,200,R2,CLASSIC,2,2,5,4146.65,18.7061,1
R2_2_1,200,R2,CLASSIC,4,4,5,4107.52,18.5172,1
R2_2_1,200,R2,CLASSIC,3,3,5,4218.83,18.8863,1
R2_2_1,200,R2,CLASSIC,5,5,5,4148.64,18.7393,1
R2_2_1,200,R2,CLASSIC,7,7,5,4174.03,18.6801,1
R2_2_1,200,R2,CLASSIC,6,6,5,4158.64,18.7949,1
R2_2_1,200,R2,CLASSIC,8,8,5,4158.76,19.0828,1
R2_2_1,200,R2,CLASSIC,9,9,5,4123.25,18.8187,1
R2_2_1,200,R2,QLEARNING,1,1,5,4091.33,17.2456,1
R2_2_1,200,R2,CLASSIC,10,10,5,4119.15,18.6809,1
R2_2_1,200,R2,QLEARNING,2,2,5,4091.51,17.4101,1
R2_2_1,200,R2,QLEARNING,3,3,5,4058.51,17.4248,1
R2_2_1,200,R2,QLEARNING,4,4,5,4094.91,17.1233,1
R2_2_1,200,R2,QLEARNING,5,5,5,4080.07,17.2379,1
R2_2_1,200,R2,QLEARNING,9,9,5,4091.89,17.1578,1
R2_2_1,200,R2,QLEARNING,7,7,5,4078.52,17.3747,1
R2_2_1,200,R2,QLEARNING,8,8,5,4078.09,17.312,1
R2_2_1,200,R2,QLEARNING,6,6,5,4113.82,17.5606,1
R2_2_1,200,R2,QLEARNING,10,10,5,4073.49,17.472,1
R2_2_2,200,R2,CLASSIC,1,1,4,3791.41,33.2277,1
R2_2_2,200,R2,CLASSIC,2,2,4,3754.36,33.4091,1
R2_2_2,200,R2,CLASSIC,3,3,4,3806.07,32.1583,1
R2_2_2,200,R2,CLASSIC,6,6,4,3823.38,31.8333,1
R2_2_2,200,R2,CLASSIC,4,4,4,3744.2,32.8547,1
R2_2_2,200,R2,CLASSIC,5,5,4,3763.68,33.0886,1
R2_2_2,200,R2,CLASSIC,7,7,4,3806.14,32.9983,1
R2_2_2,200,R2,QLEARNING,1,1,4,3795.89,32.3053,1
R2_2_2,200,R2,CLASSIC,10,10,4,3795.61,32.5267,1
R2_2_2,200,R2,CLASSIC,8,8,4,3800.83,33.3992,1
R2_2_2,200,R2,CLASSIC,9,9,4,3743.41,33.307,1
R2_2_2,200,R2,QLEARNING,2,2,4,3711.4,33.0102,1
R2_2_2,200,R2,QLEARNING,9,9,4,3737.23,30.8183,1
R2_2_2,200,R2,QLEARNING,4,4,4,3724.78,32.7026,1
R2_2_2,200,R2,QLEARNING,6,6,4,3742.88,32.5141,1
R2_2_2,200,R2,QLEARNING,5,5,4,3724.95,33.1865,1
R2_2_2,200,R2,QLEARNING,3,3,4,3737.14,33.791,1
R2_2_2,200,R2,QLEARNING,7,7,4,3731.68,33.6205,1
R2_2_2,200,R2,QLEARNING,8,8,4,3744.53,33.5088,1
R2_2_2,200,R2,QLEARNING,10,10,4,3719.02,33.6596,1
R2_2_3,200,R2,CLASSIC,1,1,4,3002.19,44.3489,1
R2_2_3,200,R2,CLASSIC,2,2,4,2984.13,44.5234,1
R2_2_3,200,R2,CLASSIC,3,3,4,3000.87,44.7465,1
R2_2_3,200,R2,CLASSIC,4,4,4,3030.82,45.0153,1
R2_2_3,200,R2,QLEARNING,1,1,4,2955.47,43.4874,1
R2_2_3,200,R2,CLASSIC,6,6,4,2973.19,44.4633,1
R2_2_3,200,R2,CLASSIC,5,5,4,2991.84,44.6907,1
R2_2_3,200,R2,CLASSIC,9,9,4,2957.57,44.2142,1
R2_2_3,200,R2,CLASSIC,7,7,4,3012.03,44.563,1
R2_2_3,200,R2,CLASSIC,10,10,4,2962.03,44.3907,1
R2_2_3,200,R2,CLASSIC,8,8,4,2985.13,44.7941,1
R2_2_3,200,R2,QLEARNING,2,2,4,2964.8,44.347,1
R2_2_3,200,R2,QLEARNING,3,3,4,2994.38,43.0089,1
R2_2_3,200,R2,QLEARNING,5,5,4,2952.27,42.7149,1
R2_2_3,200,R2,QLEARNING,4,4,4,2965.56,43.4748,1
R2_2_3,200,R2,QLEARNING,7,7,4,2977.65,42.594,1
R2_2_3,200,R2,QLEARNING,6,6,4,2996.47,43.5943,1
R2_2_3,200,R2,QLEARNING,8,8,4,3000.38,43.1103,1
R2_2_3,200,R2,QLEARNING,10,10,4,2935.98,42.8877,1
R2_2_3,200,R2,QLEARNING,9,9,4,2982.84,43.5173,1
R2_2_5,200,R2,CLASSIC,2,2,4,3513.42,24.1218,1
R2_2_5,200,R2,CLASSIC,1,1,4,3433.31,24.4151,1
R2_2_5,200,R2,CLASSIC,3,3,4,3444.91,24.1414,1
R2_2_5,200,R2,CLASSIC,4,4,4,3458.03,24.1694,1
R2_2_4,200,R2,QLEARNING,1,1,4,1995.08,49.8052,1
R2_2_4,200,R2,CLASSIC,1,1,4,2009.33,59.4422,1
R2_2_4,200,R2,CLASSIC,2,2,4,2003.02,59.3006,1
R2_2_4,200,R2,QLEARNING,2,2,4,2015.7,50.6907,1
R2_2_4,200,R2,CLASSIC,4,4,4,2028.25,59.4058,1
R2_2_4,200,R2,CLASSIC,3,3,4,1996.75,60.0913,1
R2_2_5,200,R2,CLASSIC,5,5,4,3484.94,24.1955,1
R2_2_5,200,R2,CLASSIC,7,7,4,3479.32,23.5386,1
R2_2_5,200,R2,CLASSIC,6,6,4,3464.07,23.7709,1
R2_2_4,200,R2,CLASSIC,5,5,4,1990.71,59.3729,1
R2_2_5,200,R2,QLEARNING,2,2,4,3404.97,22.6021,1
R2_2_5,200,R2,CLASSIC,8,8,4,3475.97,24.098,1
R2_2_5,200,R2,QLEARNING,1,1,4,3416.57,22.8375,1
R2_2_5,200,R2,CLASSIC,9,9,4,3421.98,24.1527,1
R2_2_4,200,R2,CLASSIC,7,7,4,2060.78,59.6091,1
R2_2_5,200,R2,CLASSIC,10,10,4,3527.21,24.0253,1
R2_2_4,200,R2,CLASSIC,8,8,4,1999.66,59.3267,1
R2_2_4,200,R2,CLASSIC,6,6,4,2037.62,60.2676,1
R2_2_4,200,R2,CLASSIC,9,9,4,2099.26,59.8403,1
R2_2_4,200,R2,CLASSIC,10,10,4,1999.27,59.2417,1
R2_2_5,200,R2,QLEARNING,4,4,4,3377.49,22.3845,1
R2_2_5,200,R2,QLEARNING,3,3,4,3394.21,23.0593,1
R2_2_5,200,R2,QLEARNING,5,5,4,3414.65,22.8784,1
R2_2_4,200,R2,QLEARNING,4,4,4,2009.97,50.3097,1
R2_2_5,200,R2,QLEARNING,6,6,4,3416.65,22.7577,1
R2_2_4,200,R2,QLEARNING,3,3,4,1987.22,51.1526,1
R2_2_4,200,R2,QLEARNING,6,6,4,1987.79,49.6308,1
R2_2_4,200,R2,QLEARNING,7,7,4,2001.88,50.1816,1
R2_2_4,200,R2,QLEARNING,5,5,4,1987.22,51.7692,1
R2_2_4,200,R2,QLEARNING,9,9,4,2020.83,51.1358,1
R2_2_4,200,R2,QLEARNING,8,8,4,1989.7,51.9403,1
R2_2_4,200,R2,QLEARNING,10,10,4,1987.61,52.6896,1
R2_2_5,200,R2,QLEARNING,7,7,4,3436.26,22.6131,1
R2_2_5,200,R2,QLEARNING,9,9,4,3370.55,22.6248,1
R2_2_5,200,R2,QLEARNING,8,8,4,3388.69,22.8667,1
R2_2_5,200,R2,QLEARNING,10,10,4,3437.57,22.9194,1
R2_2_6,200,R2,CLASSIC,1,1,4,2934.77,38.5947,1
R2_2_6,200,R2,CLASSIC,2,2,4,2971.17,38.7403,1
R2_2_6,200,R2,CLASSIC,4,4,4,2972.5,37.9505,1
R2_2_6,200,R2,CLASSIC,3,3,4,2984.51,38.4361,1
R2_2_6,200,R2,CLASSIC,5,5,4,3035.71,38.3391,1
R2_2_6,200,R2,QLEARNING,2,2,4,2963.27,36.692,1
R2_2_6,200,R2,QLEARNING,1,1,4,2939.25,37.13,1
R2_2_6,200,R2,CLASSIC,7,7,4,2979.52,38.0311,1
R2_2_6,200,R2,QLEARNING,3,3,4,2960.14,37.0296,1
R2_2_6,200,R2,CLASSIC,9,9,4,3077.33,38.1083,1
R2_2_6,200,R2,QLEARNING,4,4,4,2956.77,36.8773,1
R2_2_6,200,R2,CLASSIC,6,6,4,2994.7,38.4451,1
R2_2_6,200,R2,CLASSIC,8,8,4,2989.32,38.4335,1
R2_2_6,200,R2,QLEARNING,5,5,4,2926.04,36.8241,1
R2_2_6,200,R2,QLEARNING,6,6,4,2958.29,36.8579,1
R2_2_6,200,R2,CLASSIC,10,10,4,3036.95,39.0313,1
R2_2_6,200,R2,QLEARNING,7,7,4,2970.18,36.3074,1
R2_2_6,200,R2,QLEARNING,9,9,4,2943.29,36.8044,1
R2_2_6,200,R2,QLEARNING,8,8,4,2954,37.1835,1
R2_2_6,200,R2,QLEARNING,10,10,4,2948.41,37.2614,1
R2_2_7,200,R2,CLASSIC,3,3,4,2521.5,49.7374,1
R2_2_7,200,R2,CLASSIC,2,2,4,2497.46,50.0263,1
R2_2_7,200,R2,CLASSIC,1,1,4,2499.25,50.2784,1
R2_2_7,200,R2,CLASSIC,4,4,4,2557.99,49.7718,1
R2_2_7,200,R2,CLASSIC,5,5,4,2548.06,49.7649,1
R2_2_7,200,R2,CLASSIC,6,6,4,2525.29,49.8708,1
R2_2_7,200,R2,CLASSIC,7,7,4,2524.42,49.5263,1
R2_2_7,200,R2,CLASSIC,8,8,4,2480.69,49.973,1
R2_2_7,200,R2,QLEARNING,1,1,4,2479.18,45.4875,1
R2_2_7,200,R2,QLEARNING,2,2,4,2487.46,45.9987,1
R2_2_7,200,R2,CLASSIC,9,9,4,2502.31,49.7022,1
R2_2_7,200,R2,CLASSIC,10,10,4,2515.16,49.9799,1
R2_2_7,200,R2,QLEARNING,3,3,4,2477.49,44.9706,1
R2_2_7,200,R2,QLEARNING,4,4,4,2470.53,45.9536,1
R2_2_7,200,R2,QLEARNING,5,5,4,2475.89,45.0429,1
R2_2_7,200,R2,QLEARNING,6,6,4,2478,45.0027,1
R2_2_7,200,R2,QLEARNING,7,7,4,2470.16,45.5364,1
R2_2_7,200,R2,QLEARNING,8,8,4,2483.44,46.154,1
R2_2_7,200,R2,QLEARNING,10,10,4,2482.94,45.5886,1
R2_2_7,200,R2,QLEARNING,9,9,4,2481.33,46.6562,1
R2_2_9,200,R2,CLASSIC,1,1,4,3163.26,29.5657,1
R2_2_9,200,R2,CLASSIC,2,2,4,3196.5,29.731,1
R2_2_9,200,R2,CLASSIC,3,3,4,3147.06,29.49,1
R2_2_8,200,R2,QLEARNING,2,2,4,1859.17,52.0093,1
R2_2_9,200,R2,CLASSIC,4,4,4,3193.23,30.1303,1
R2_2_8,200,R2,QLEARNING,1,1,4,1852.77,56.0839,1
R2_2_8,200,R2,CLASSIC,5,5,4,1888.37,62.5134,1
R2_2_8,200,R2,CLASSIC,1,1,4,1880.05,63.5569,1
R2_2_8,200,R2,CLASSIC,2,2,4,1903.53,63.7161,1
R2_2_8,200,R2,CLASSIC,4,4,4,1873.2,63.5979,1
R2_2_8,200,R2,CLASSIC,7,7,4,1859.67,63.9149,1
R2_2_8,200,R2,CLASSIC,3,3,4,1859.17,64.6395,1
R2_2_8,200,R2,CLASSIC,6,6,4,1853.31,64.3028,1
R2_2_8,200,R2,CLASSIC,8,8,4,1887.19,63.9656,1
R2_2_8,200,R2,CLASSIC,9,9,4,1858.42,64.2594,1
R2_2_8,200,R2,CLASSIC,10,10,4,1853.26,64.4589,1
R2_2_9,200,R2,CLASSIC,5,5,4,3175.36,29.778,1
R2_2_9,200,R2,CLASSIC,6,6,4,3180.32,29.7055,1
R2_2_8,200,R2,QLEARNING,5,5,4,1850.52,53.3734,1
R2_2_9,200,R2,CLASSIC,7,7,4,3154.24,29.214,1
R2_2_8,200,R2,QLEARNING,3,3,4,1850.85,54.4743,1
R2_2_9,200,R2,CLASSIC,8,8,4,3192.73,29.5109,1
R2_2_9,200,R2,QLEARNING,1,1,4,3149.57,26.9935,1
R2_2_9,200,R2,QLEARNING,2,2,4,3169.15,27.3421,1
R2_2_8,200,R2,QLEARNING,7,7,4,1857.16,54.5663,1
R2_2_9,200,R2,CLASSIC,9,9,4,3223.21,29.9808,1
R2_2_8,200,R2,QLEARNING,4,4,4,1861.35,56.0043,1
R2_2_8,200,R2,QLEARNING,8,8,4,1855.87,53.5152,1
R2_2_9,200,R2,CLASSIC,10,10,4,3199.15,29.6003,1
R2_2_8,200,R2,QLEARNING,9,9,4,1855.96,54.9706,1
R2_2_8,200,R2,QLEARNING,6,6,4,1855.08,57.0209,1
R2_2_8,200,R2,QLEARNING,10,10,4,1882.19,55.8008,1
R2_2_9,200,R2,QLEARNING,3,3,4,3166.04,26.6977,1
R2_2_9,200,R2,QLEARNING,4,4,4,3164.4,27.3561,1
RC1_2_1,200,RC1,CLASSIC,1,1,19,3643.37,8.54453,1
R2_2_9,200,R2,QLEARNING,5,5,4,3169.42,27.2291,1
R2_2_9,200,R2,QLEARNING,6,6,4,3106.64,27.3654,1
RC1_2_1,200,RC1,CLASSIC,2,2,19,3692.99,8.55225,1
RC1_2_1,200,RC1,CLASSIC,3,3,19,3719.86,8.49769,1
R2_2_9,200,R2,QLEARNING,7,7,4,3174.13,26.9915,1
RC1_2_1,200,RC1,CLASSIC,4,4,19,3709.42,8.54899,1
R2_2_9,200,R2,QLEARNING,8,8,4,3163.52,27.2181,1
RC1_2_1,200,RC1,CLASSIC,5,5,19,3694.51,8.41401,1
R2_2_9,200,R2,QLEARNING,9,9,4,3150.46,27.3227,1
R2_2_9,200,R2,QLEARNING,10,10,4,3162.4,27.1571,1
RC1_2_1,200,RC1,CLASSIC,6,6,19,3715.43,8.55276,1
RC1_2_1,200,RC1,CLASSIC,7,7,19,3730.42,8.54299,1
RC1_2_1,200,RC1,CLASSIC,8,8,19,3683.32,8.46195,1
RC1_2_1,200,RC1,CLASSIC,9,9,19,3696.68,8.58535,1
RC1_2_1,200,RC1,CLASSIC,10,10,19,3705.43,8.48952,1
RC1_2_1,200,RC1,QLEARNING,1,1,19,3632.18,10.0946,1
RC1_2_1,200,RC1,QLEARNING,2,2,18,3999.44,9.85827,1
RC1_2_1,200,RC1,QLEARNING,3,3,18,3935.58,9.48904,1
RC1_2_1,200,RC1,QLEARNING,4,4,19,3643.94,10.1709,1
R2_2_10,200,R2,CLASSIC,1,1,4,2767.43,34.8197,1
R2_2_10,200,R2,CLASSIC,2,2,4,2729.76,35.1188,1
RC1_2_1,200,RC1,QLEARNING,5,5,19,3682.02,10.2044,1
R2_2_10,200,R2,CLASSIC,4,4,4,2732.2,34.651,1
R2_2_10,200,R2,CLASSIC,3,3,4,2761.13,34.9582,1
R2_2_10,200,R2,CLASSIC,5,5,4,2724.4,34.8475,1
R2_2_10,200,R2,CLASSIC,6,6,4,2723.62,34.8437,1
RC1_2_1,200,RC1,QLEARNING,6,6,19,3636.72,10.2285,1
RC1_2_1,200,RC1,QLEARNING,7,7,19,3577.65,10.0846,1
RC1_2_2,200,RC1,CLASSIC,2,2,18,3697.79,8.03606,1
RC1_2_2,200,RC1,CLASSIC,1,1,18,3929.79,8.33069,1
RC1_2_1,200,RC1,QLEARNING,8,8,19,3662.24,10.0877,1
RC1_2_1,200,RC1,QLEARNING,9,9,19,3641.89,10.2871,1
RC1_2_1,200,RC1,QLEARNING,10,10,19,3638.73,10.1846,1
R2_2_10,200,R2,CLASSIC,7,7,4,2725.54,35.2956,1
R2_2_10,200,R2,QLEARNING,1,1,4,2682.64,31.1528,1
R2_2_10,200,R2,CLASSIC,8,8,4,2666.92,34.823,1
R2_2_10,200,R2,QLEARNING,3,3,4,2699.44,31.1594,1
RC1_2_2,200,RC1,CLASSIC,3,3,18,3683.44,8.90522,1
R2_2_10,200,R2,QLEARNING,4,4,4,2678.86,31.2639,1
R2_2_10,200,R2,QLEARNING,2,2,4,2706.97,32.0132,1
RC1_2_2,200,RC1,CLASSIC,4,4,18,3684.33,8.86258,1
R2_2_10,200,R2,CLASSIC,9,9,4,2735.65,35.3771,1
R2_2_10,200,R2,QLEARNING,5,5,4,2694.23,32.5959,1
R2_2_10,200,R2,QLEARNING,6,6,4,2672.72,31.8695,1
RC1_2_2,200,RC1,CLASSIC,5,5,18,3830.49,9.4222,1
R2_2_10,200,R2,QLEARNING,8,8,4,2716.19,31.8773,1
R2_2_10,200,R2,QLEARNING,9,9,4,2703.34,31.8993,1
R2_2_10,200,R2,QLEARNING,10,10,4,2728.35,31.88,1
RC1_2_2,200,RC1,CLASSIC,6,6,18,3741.03,8.22831,1
R2_2_10,200,R2,QLEARNING,7,7,4,2707.53,32.5538,1
R2_2_10,200,R2,CLASSIC,10,10,4,2717.75,34.9513,1
RC1_2_2,200,RC1,CLASSIC,7,7,18,3529.16,8.24378,1
RC1_2_2,200,RC1,CLASSIC,9,9,18,3740.9,7.89437,1
RC1_2_2,200,RC1,CLASSIC,8,8,18,3697.03,8.74682,1
RC1_2_2,200,RC1,CLASSIC,10,10,18,3558.62,8.87045,1
RC1_2_2,200,RC1,QLEARNING,3,3,18,3690.09,9.19482,1
RC1_2_2,200,RC1,QLEARNING,2,2,18,3564.02,9.33558,1
RC1_2_2,200,RC1,QLEARNING,1,1,18,3705.93,10.1836,1
RC1_2_2,200,RC1,QLEARNING,5,5,18,3667.95,9.54956,1
RC1_2_2,200,RC1,QLEARNING,4,4,18,3551.05,9.94966,1
RC1_2_2,200,RC1,QLEARNING,6,6,18,3744.66,9.59107,1
RC1_2_2,200,RC1,QLEARNING,7,7,18,3647.11,9.49306,1
RC1_2_2,200,RC1,QLEARNING,10,10,18,3611.27,9.83754,1
RC1_2_2,200,RC1,QLEARNING,9,9,18,3485.12,10.0232,1
RC1_2_2,200,RC1,QLEARNING,8,8,18,3668.36,11.2532,1
RC1_2_3,200,RC1,CLASSIC,1,1,18,3717.85,10.3984,1
RC1_2_3,200,RC1,CLASSIC,2,2,18,3627.65,10.47,1
RC1_2_3,200,RC1,CLASSIC,4,4,18,3468.24,10.6072,1
RC1_2_3,200,RC1,CLASSIC,3,3,18,3559.01,10.8058,1
RC1_2_3,200,RC1,CLASSIC,8,8,18,3526.54,9.97252,1
RC1_2_3,200,RC1,CLASSIC,5,5,18,3632.21,10.7503,1
RC1_2_3,200,RC1,CLASSIC,7,7,18,3604.41,10.3248,1
RC1_2_3,200,RC1,CLASSIC,6,6,18,3648.64,10.8223,1
RC1_2_3,200,RC1,CLASSIC,10,10,18,3693.17,10.4539,1
RC1_2_3,200,RC1,CLASSIC,9,9,18,3633.89,10.5102,1
RC1_2_3,200,RC1,QLEARNING,1,1,18,3303.99,10.4676,1
RC1_2_3,200,RC1,QLEARNING,8,8,18,3258.2,10.0251,1
RC1_2_3,200,RC1,QLEARNING,4,4,18,3295.11,10.6124,1
RC1_2_3,200,RC1,QLEARNING,2,2,18,3304.67,11.2523,1
RC1_2_3,200,RC1,QLEARNING,5,5,18,3386.68,10.9766,1
RC1_2_3,200,RC1,QLEARNING,6,6,18,3196.75,10.9021,1
RC1_2_3,200,RC1,QLEARNING,10,10,18,3258.36,10.2519,1
RC1_2_3,200,RC1,QLEARNING,3,3,18,3323.76,11.6475,1
RC1_2_3,200,RC1,QLEARNING,9,9,18,3325.33,11.2443,1
RC1_2_3,200,RC1,QLEARNING,7,7,18,3288,11.8482,1
RC1_2_4,200,RC1,CLASSIC,1,1,18,3490.66,13.5514,1
RC1_2_4,200,RC1,CLASSIC,2,2,18,3370.87,13.4249,1
RC1_2_4,200,RC1,CLASSIC,4,4,18,3400.22,13.1222,1
RC1_2_4,200,RC1,CLASSIC,3,3,18,3342.67,13.8539,1
RC1_2_4,200,RC1,CLASSIC,5,5,18,3368.45,13.1704,1
RC1_2_4,200,RC1,CLASSIC,7,7,18,3540.48,12.9934,1
RC1_2_4,200,RC1,CLASSIC,6,6,18,3349.83,13.0915,1
RC1_2_4,200,RC1,CLASSIC,8,8,18,3315.64,13.3951,1
RC1_2_4,200,RC1,CLASSIC,9,9,18,3463.25,13.4286,1
RC1_2_4,200,RC1,QLEARNING,1,1,18,3144.21,12.052,1
RC1_2_4,200,RC1,QLEARNING,2,2,18,3068.64,12.4068,1
RC1_2_5,200,RC1,CLASSIC,9,9,18,3909.87,8.09958,1
RC1_2_4,200,RC1,CLASSIC,10,10,18,3298.74,12.9458,1
RC1_2_4,200,RC1,QLEARNING,3,3,18,3153.81,12.512,1
RC1_2_5,200,RC1,CLASSIC,7,7,18,4087.67,8.5294,1
RC1_2_4,200,RC1,QLEARNING,6,6,18,3124.23,11.5691,1
RC1_2_5,200,RC1,CLASSIC,10,10,18,3962.01,8.40253,1
RC1_2_4,200,RC1,QLEARNING,4,4,18,3081.78,12.6997,1
RC1_2_4,200,RC1,QLEARNING,5,5,18,3141.24,11.8546,1
RC1_2_4,200,RC1,QLEARNING,10,10,18,3138.17,11.4731,1
RC1_2_5,200,RC1,CLASSIC,1,1,19,3591.02,10.3189,1
RC1_2_5,200,RC1,CLASSIC,2,2,19,3571.23,10.3686,1
RC1_2_5,200,RC1,CLASSIC,3,3,19,3641.66,10.2167,1
RC1_2_5,200,RC1,CLASSIC,4,4,18,4400.7,10.221,1
RC1_2_5,200,RC1,CLASSIC,5,5,19,3579.32,10.3034,1
RC1_2_4,200,RC1,QLEARNING,7,7,18,3133.12,12.4975,1
RC1_2_5,200,RC1,QLEARNING,1,1,18,3727.73,8.9051,1
RC1_2_4,200,RC1,QLEARNING,8,8,18,3071.01,12.7393,1
RC1_2_5,200,RC1,CLASSIC,6,6,19,3550.62,10.2586,1
RC1_2_4,200,RC1,QLEARNING,9,9,18,3093.72,12.8468,1
RC1_2_5,200,RC1,CLASSIC,8,8,19,3549.27,10.346,1
RC1_2_5,200,RC1,QLEARNING,2,2,18,3957.22,10.1598,1
RC1_2_5,200,RC1,QLEARNING,3,3,18,3894,8.74468,1
RC1_2_6,200,RC1,CLASSIC,6,6,18,3806.32,5.91093,1
RC1_2_6,200,RC1,CLASSIC,4,4,18,3944.87,6.32105,1
RC1_2_5,200,RC1,QLEARNING,6,6,18,3765.58,8.67744,1
RC1_2_6,200,RC1,CLASSIC,1,1,18,3813.58,7.59587,1
RC1_2_6,200,RC1,CLASSIC,5,5,18,3666.88,7.0987,1
RC1_2_6,200,RC1,CLASSIC,2,2,18,3908.3,8.06498,1
RC1_2_5,200,RC1,QLEARNING,9,9,18,3682.38,9.43089,1
RC1_2_6,200,RC1,QLEARNING,3,3,18,3821.79,6.77074,1
RC1_2_6,200,RC1,CLASSIC,9,9,18,3854.93,7.3383,1
RC1_2_5,200,RC1,QLEARNING,7,7,18,3897.86,10.3382,1
RC1_2_5,200,RC1,QLEARNING,4,4,19,3473.62,11.8506,1
RC1_2_6,200,RC1,CLASSIC,8,8,18,3825.97,7.83756,1
RC1_2_5,200,RC1,QLEARNING,5,5,19,3484.69,11.6172,1
RC1_2_6,200,RC1,CLASSIC,7,7,18,3835.38,8.29147,1
RC1_2_6,200,RC1,CLASSIC,3,3,18,3846.5,8.90331,1
RC1_2_6,200,RC1,QLEARNING,5,5,18,3763.62,8.32277,1
RC1_2_5,200,RC1,QLEARNING,8,8,19,3509.58,11.7933,1
RC1_2_6,200,RC1,QLEARNING,4,4,18,3716.24,9.0101,1
RC1_2_6,200,RC1,CLASSIC,10,10,18,3979.35,9.4439,1
RC1_2_7,200,RC1,CLASSIC,3,3,18,3884.29,8.07467,1
RC1_2_6,200,RC1,QLEARNING,10,10,18,3684.68,8.28652,1
RC1_2_5,200,RC1,QLEARNING,10,10,19,3504.99,11.7344,1
RC1_2_6,200,RC1,QLEARNING,7,7,18,3662.88,9.31637,1
RC1_2_6,200,RC1,QLEARNING,1,1,18,3714.71,10.103,1
RC1_2_7,200,RC1,CLASSIC,2,2,18,3732.31,8.84788,1
RC1_2_6,200,RC1,QLEARNING,8,8,18,3667.7,9.37308,1
RC1_2_7,200,RC1,CLASSIC,4,4,18,3772.36,7.90063,1
RC1_2_6,200,RC1,QLEARNING,2,2,18,3803.43,10.3247,1
RC1_2_6,200,RC1,QLEARNING,9,9,18,3662.19,9.59723,1
RC1_2_7,200,RC1,CLASSIC,1,1,18,3698.09,9.6707,1
RC1_2_6,200,RC1,QLEARNING,6,6,18,3762.18,10.3189,1
RC1_2_7,200,RC1,CLASSIC,5,5,18,3867.29,7.39833,1
RC1_2_7,200,RC1,CLASSIC,6,6,18,3853.03,6.73786,1
RC1_2_7,200,RC1,CLASSIC,8,8,18,3854.78,7.23204,1
RC1_2_7,200,RC1,CLASSIC,9,9,18,3944.6,7.96844,1
RC1_2_7,200,RC1,QLEARNING,4,4,18,3736.46,8.38141,1
RC1_2_7,200,RC1,QLEARNING,3,3,18,3696.75,8.69554,1
RC1_2_8,200,RC1,CLASSIC,6,6,18,3705.64,6.52427,1
RC1_2_7,200,RC1,QLEARNING,2,2,18,3652.41,9.37597,1
RC1_2_7,200,RC1,QLEARNING,1,1,18,3621.27,9.74721,1
RC1_2_7,200,RC1,CLASSIC,7,7,18,3930.9,10.9573,1
RC1_2_7,200,RC1,QLEARNING,6,6,18,3584.66,9.01255,1
RC1_2_8,200,RC1,CLASSIC,4,4,18,3588.29,7.3764,1
RC1_2_7,200,RC1,CLASSIC,10,10,18,3514.8,10.2797,1
RC1_2_8,200,RC1,CLASSIC,2,2,18,3519.68,7.56046,1
RC1_2_8,200,RC1,CLASSIC,1,1,18,3555.66,8.41778,1
RC1_2_7,200,RC1,QLEARNING,5,5,18,3720.09,10.0757,1
RC1_2_8,200,RC1,CLASSIC,7,7,18,3715.65,7.72793,1
RC1_2_8,200,RC1,CLASSIC,3,3,18,3593.61,8.32605,1
RC1_2_7,200,RC1,QLEARNING,10,10,18,3637.4,9.82396,1
RC1_2_7,200,RC1,QLEARNING,8,8,18,3595.06,10.0784,1
RC1_2_7,200,RC1,QLEARNING,7,7,18,3483.63,10.3707,1
RC1_2_8,200,RC1,CLASSIC,9,9,18,3609.35,7.91625,1
RC1_2_8,200,RC1,CLASSIC,10,10,18,3651.62,7.97751,1
RC1_2_8,200,RC1,CLASSIC,5,5,18,3695.76,8.66366,1
RC1_2_8,200,RC1,CLASSIC,8,8,18,3577.47,8.29011,1
RC1_2_7,200,RC1,QLEARNING,9,9,18,3573.36,11.2118,1
RC1_2_8,200,RC1,QLEARNING,2,2,18,3382.88,8.78149,1
RC1_2_8,200,RC1,QLEARNING,1,1,18,3416.87,9.65446,1
RC1_2_8,200,RC1,QLEARNING,3,3,18,3463.99,9.96897,1
RC1_2_8,200,RC1,QLEARNING,4,4,18,3352.99,10.0426,1
RC1_2_8,200,RC1,QLEARNING,6,6,18,3279.63,9.7102,1
RC1_2_8,200,RC1,QLEARNING,7,7,18,3458.88,9.2998,1
RC1_2_8,200,RC1,QLEARNING,5,5,18,3512.74,9.88558,1
RC1_2_9,200,RC1,CLASSIC,1,1,18,3728.8,6.58742,1
RC1_2_8,200,RC1,QLEARNING,8,8,18,3415.14,10.3314,1
RC1_2_8,200,RC1,QLEARNING,9,9,18,3480.18,9.87104,1
RC1_2_9,200,RC1,CLASSIC,3,3,18,3554.2,7.27755,1
RC1_2_9,200,RC1,CLASSIC,9,9,18,3815.77,6.61077,1
RC1_2_9,200,RC1,CLASSIC,2,2,18,3515.35,7.69452,1
RC1_2_8,200,RC1,QLEARNING,10,10,18,3374.23,9.90306,1
RC1_2_9,200,RC1,CLASSIC,10,10,18,3584.26,7.17171,1
RC1_2_9,200,RC1,CLASSIC,5,5,18,3518.33,7.73003,1
RC1_2_9,200,RC1,CLASSIC,4,4,18,3483.78,7.84217,1
RC1_2_9,200,RC1,CLASSIC,7,7,18,3651.73,7.75297,1
RC1_2_9,200,RC1,CLASSIC,8,8,18,3485.67,7.83485,1
RC1_2_9,200,RC1,QLEARNING,1,1,18,3665.31,7.80394,1
RC1_2_9,200,RC1,CLASSIC,6,6,18,3460.54,8.47434,1
RC1_2_10,200,RC1,CLASSIC,1,1,18,3464.59,7.16307,1
RC1_2_9,200,RC1,QLEARNING,3,3,18,3431.67,8.36283,1
RC1_2_9,200,RC1,QLEARNING,2,2,18,3424.72,8.47783,1
RC1_2_9,200,RC1,QLEARNING,5,5,18,3312.06,8.25724,1
RC1_2_10,200,RC1,CLASSIC,2,2,18,3562.87,7.48805,1
RC1_2_9,200,RC1,QLEARNING,4,4,18,3400.4,9.16178,1
RC1_2_10,200,RC1,CLASSIC,3,3,18,3631.38,8.08118,1
RC1_2_9,200,RC1,QLEARNING,7,7,18,3386.62,9.16489,1
RC1_2_9,200,RC1,QLEARNING,6,6,18,3445.68,9.30758,1
RC1_2_9,200,RC1,QLEARNING,10,10,18,3470.3,9.37044,1
RC1_2_9,200,RC1,QLEARNING,9,9,18,3335.88,9.48415,1
RC1_2_9,200,RC1,QLEARNING,8,8,18,3422.97,9.60736,1
RC1_2_10,200,RC1,CLASSIC,4,4,18,3460.55,8.179,1
RC1_2_10,200,RC1,CLASSIC,9,9,18,3739.6,7.42776,1
RC1_2_10,200,RC1,CLASSIC,6,6,18,3636.58,7.63131,1
RC1_2_10,200,RC1,CLASSIC,5,5,18,3455.39,8.19217,1
RC1_2_10,200,RC1,CLASSIC,8,8,18,3718.65,8.3082,1
RC1_2_10,200,RC1,CLASSIC,7,7,18,3657.58,8.3883,1
RC1_2_10,200,RC1,CLASSIC,10,10,18,3640.01,7.64241,1
RC1_2_10,200,RC1,QLEARNING,2,2,18,3337.09,9.13872,1
RC1_2_10,200,RC1,QLEARNING,1,1,18,3307.34,9.34097,1
RC1_2_10,200,RC1,QLEARNING,3,3,18,3336.29,8.8368,1
RC1_2_10,200,RC1,QLEARNING,6,6,18,3339.64,8.85283,1
RC1_2_10,200,RC1,QLEARNING,4,4,18,3281.99,9.70581,1
RC1_2_10,200,RC1,QLEARNING,8,8,18,3282.57,9.10971,1
RC1_2_10,200,RC1,QLEARNING,9,9,18,3245.43,9.0891,1
RC1_2_10,200,RC1,QLEARNING,5,5,18,3281.13,9.83476,1
RC1_2_10,200,RC1,QLEARNING,7,7,18,3360.5,9.76535,1
RC1_2_10,200,RC1,QLEARNING,10,10,18,3400.56,9.41551,1
RC2_2_1,200,RC2,CLASSIC,1,1,6,3243.06,16.9445,1
RC2_2_1,200,RC2,CLASSIC,2,2,6,3219.61,16.8346,1
RC2_2_1,200,RC2,CLASSIC,3,3,6,3273.83,16.8792,1
RC2_2_1,200,RC2,CLASSIC,4,4,6,3265.06,16.7956,1
RC2_2_1,200,RC2,CLASSIC,6,6,6,3274.66,16.8469,1
RC2_2_1,200,RC2,CLASSIC,5,5,6,3158.49,16.9077,1
RC2_2_1,200,RC2,CLASSIC,7,7,6,3216.98,16.8217,1
RC2_2_1,200,RC2,QLEARNING,2,2,6,3216.11,15.9795,1
RC2_2_1,200,RC2,CLASSIC,8,8,6,3262.25,16.752,1
RC2_2_1,200,RC2,CLASSIC,9,9,6,3263.48,16.6113,1
RC2_2_1,200,RC2,QLEARNING,1,1,6,3236.39,16.2239,1
RC2_2_1,200,RC2,QLEARNING,4,4,6,3166.74,16.2298,1
RC2_2_1,200,RC2,CLASSIC,10,10,6,3210.64,16.7437,1
RC2_2_1,200,RC2,QLEARNING,5,5,6,3237.69,16.2535,1
RC2_2_1,200,RC2,QLEARNING,3,3,6,3170.63,16.4446,1
RC2_2_1,200,RC2,QLEARNING,7,7,6,3139.4,16.2703,1
RC2_2_1,200,RC2,QLEARNING,6,6,6,3219.68,16.6315,1
RC2_2_1,200,RC2,QLEARNING,8,8,6,3230.03,16.5016,1
RC2_2_1,200,RC2,QLEARNING,10,10,6,3249.61,16.2505,1
RC2_2_1,200,RC2,QLEARNING,9,9,6,3176.05,16.8411,1
RC2_2_2,200,RC2,CLASSIC,1,1,5,2951.3,29.6808,1
RC2_2_2,200,RC2,CLASSIC,2,2,5,2989.17,29.8668,1
RC2_2_2,200,RC2,CLASSIC,3,3,5,2909.6,29.5647,1
RC2_2_2,200,RC2,CLASSIC,6,6,5,2948.37,29.1257,1
RC2_2_2,200,RC2,CLASSIC,4,4,5,2965.56,29.8357,1
RC2_2_2,200,RC2,CLASSIC,5,5,5,2949.4,29.5802,1
RC2_2_2,200,RC2,CLASSIC,7,7,5,2932.58,29.5553,1
RC2_2_2,200,RC2,CLASSIC,10,10,5,2957.65,29.3617,1
RC2_2_2,200,RC2,CLASSIC,9,9,5,2924.56,29.5136,1
RC2_2_2,200,RC2,CLASSIC,8,8,5,2884.21,29.6857,1
RC2_2_2,200,RC2,QLEARNING,1,1,5,2916.58,29.2884,1
RC2_2_2,200,RC2,QLEARNING,2,2,5,2887.43,29.5661,1
RC2_2_2,200,RC2,QLEARNING,3,3,5,3062.31,27.585,1
RC2_2_2,200,RC2,QLEARNING,4,4,5,2842.53,29.2404,1
RC2_2_2,200,RC2,QLEARNING,7,7,5,3013.33,28.3256,1
RC2_2_2,200,RC2,QLEARNING,5,5,5,2911.21,29.543,1
RC2_2_2,200,RC2,QLEARNING,8,8,5,2920.63,28.8879,1
RC2_2_2,200,RC2,QLEARNING,6,6,5,2941.72,29.4633,1
RC2_2_2,200,RC2,QLEARNING,9,9,5,2896.41,30.1018,1
RC2_2_2,200,RC2,QLEARNING,10,10,5,2962.56,29.7766,1
RC2_2_3,200,RC2,CLASSIC,2,2,4,2679.34,42.3465,1
RC2_2_3,200,RC2,CLASSIC,7,7,4,2681.19,42.119,1
RC2_2_3,200,RC2,CLASSIC,5,5,4,2641.02,42.3012,1
RC2_2_3,200,RC2,CLASSIC,1,1,4,2666.02,42.9874,1
RC2_2_3,200,RC2,CLASSIC,3,3,4,2695.82,43.1333,1
RC2_2_3,200,RC2,CLASSIC,8,8,4,2675.27,42.1655,1
RC2_2_3,200,RC2,CLASSIC,6,6,4,2678.68,42.7284,1
RC2_2_3,200,RC2,CLASSIC,4,4,4,2668.28,42.8329,1
RC2_2_3,200,RC2,QLEARNING,1,1,4,2671.28,41.5527,1
RC2_2_3,200,RC2,CLASSIC,9,9,4,2703.01,42.3016,1
RC2_2_3,200,RC2,CLASSIC,10,10,4,2680.56,42.4931,1
RC2_2_3,200,RC2,QLEARNING,2,2,4,2639.58,41.9755,1
RC2_2_3,200,RC2,QLEARNING,3,3,5,2439.2,38.1668,1
RC2_2_3,200,RC2,QLEARNING,5,5,5,2446.78,37.6583,1
RC2_2_3,200,RC2,QLEARNING,7,7,5,2463.8,37.7235,1
RC2_2_3,200,RC2,QLEARNING,9,9,5,2434.56,37.3263,1
RC2_2_3,200,RC2,QLEARNING,8,8,4,2662.21,39.6106,1
RC2_2_3,200,RC2,QLEARNING,4,4,4,2666.13,42.0142,1
RC2_2_3,200,RC2,QLEARNING,10,10,4,2678.93,39.748,1
RC2_2_3,200,RC2,QLEARNING,6,6,4,2699.22,41.5971,1
RC2_2_5,200,RC2,CLASSIC,1,1,5,2857.06,25.8539,1
RC2_2_5,200,RC2,CLASSIC,4,4,5,2834.7,25.6904,1
RC2_2_5,200,RC2,CLASSIC,2,2,5,2813.39,26.3336,1
RC2_2_5,200,RC2,CLASSIC,3,3,5,2838.27,26.4023,1
RC2_2_4,200,RC2,CLASSIC,1,1,4,2123.88,51.5717,1
RC2_2_4,200,RC2,CLASSIC,3,3,4,2099.5,51.4751,1
RC2_2_4,200,RC2,CLASSIC,4,4,4,2138.22,51.3428,1
RC2_2_4,200,RC2,CLASSIC,2,2,4,2169.95,52.0584,1
RC2_2_4,200,RC2,QLEARNING,2,2,4,2133.77,47.0745,1
RC2_2_4,200,RC2,QLEARNING,1,1,4,2114.51,47.4305,1
RC2_2_4,200,RC2,CLASSIC,5,5,4,2117.04,51.7357,1
RC2_2_4,200,RC2,CLASSIC,7,7,4,2147.59,51.9513,1
RC2_2_4,200,RC2,CLASSIC,6,6,4,2147.28,52.0673,1
RC2_2_5,200,RC2,CLASSIC,5,5,5,2828.47,26.124,1
RC2_2_4,200,RC2,CLASSIC,9,9,4,2176.7,51.6455,1
RC2_2_4,200,RC2,CLASSIC,8,8,4,2163.36,52.2212,1
RC2_2_4,200,RC2,CLASSIC,10,10,4,2109.73,52.0298,1
RC2_2_5,200,RC2,CLASSIC,6,6,5,2825.38,26.1559,1
RC2_2_5,200,RC2,CLASSIC,7,7,5,2765.04,25.9944,1
RC2_2_5,200,RC2,CLASSIC,8,8,5,2762.86,25.7982,1
RC2_2_5,200,RC2,QLEARNING,1,1,5,2760.45,24.2272,1
RC2_2_5,200,RC2,QLEARNING,2,2,5,2764,24.0877,1
RC2_2_5,200,RC2,CLASSIC,10,10,5,2764.51,25.8725,1
RC2_2_5,200,RC2,CLASSIC,9,9,5,2819.27,26.2385,1
RC2_2_4,200,RC2,QLEARNING,3,3,4,2115.37,47.0755,1
RC2_2_4,200,RC2,QLEARNING,8,8,4,2107.69,46.1745,1
RC2_2_4,200,RC2,QLEARNING,6,6,4,2094.38,46.7808,1
RC2_2_4,200,RC2,QLEARNING,7,7,4,2085.39,46.5609,1
RC2_2_4,200,RC2,QLEARNING,4,4,4,2128.91,47.4205,1
RC2_2_4,200,RC2,QLEARNING,10,10,4,2092.99,47.191,1
RC2_2_4,200,RC2,QLEARNING,5,5,4,2114.22,47.7586,1
RC2_2_4,200,RC2,QLEARNING,9,9,4,2119.15,47.9691,1
RC2_2_5,200,RC2,QLEARNING,3,3,5,2785.06,24.2518,1
RC2_2_5,200,RC2,QLEARNING,4,4,5,2752.46,24.227,1
RC2_2_5,200,RC2,QLEARNING,5,5,5,2752.48,24.1137,1
RC2_2_5,200,RC2,QLEARNING,6,6,5,2768.75,23.9944,1
RC2_2_5,200,RC2,QLEARNING,7,7,5,2795.69,24.0265,1
RC2_2_5,200,RC2,QLEARNING,9,9,5,2772.6,24.0085,1
RC2_2_5,200,RC2,QLEARNING,8,8,5,2761.58,24.3693,1
RC2_2_5,200,RC2,QLEARNING,10,10,5,2757.51,23.9038,1
RC2_2_6,200,RC2,CLASSIC,1,1,5,2671.42,24.092,1
RC2_2_6,200,RC2,CLASSIC,2,2,5,2719.73,23.9477,1
RC2_2_6,200,RC2,CLASSIC,3,3,5,2753.01,23.9745,1
RC2_2_6,200,RC2,CLASSIC,6,6,5,2760.48,23.7321,1
RC2_2_6,200,RC2,CLASSIC,4,4,5,2733.41,24.0072,1
RC2_2_6,200,RC2,CLASSIC,5,5,5,2696.82,24.0952,1
RC2_2_6,200,RC2,CLASSIC,7,7,5,2751.72,23.8731,1
RC2_2_6,200,RC2,QLEARNING,1,1,5,2697.83,22.0353,1
RC2_2_6,200,RC2,CLASSIC,8,8,5,2659.89,24.2909,1
RC2_2_6,200,RC2,QLEARNING,2,2,5,2715.67,22.3398,1
RC2_2_6,200,RC2,CLASSIC,9,9,5,2766.37,24.181,1
RC2_2_6,200,RC2,QLEARNING,3,3,5,2688.76,22.205,1
RC2_2_6,200,RC2,CLASSIC,10,10,5,2751.44,24.0194,1
RC2_2_6,200,RC2,QLEARNING,6,6,5,2649.39,21.9128,1
RC2_2_6,200,RC2,QLEARNING,4,4,5,2654.75,22.2096,1
RC2_2_6,200,RC2,QLEARNING,5,5,5,2668.99,22.1803,1
RC2_2_6,200,RC2,QLEARNING,7,7,5,2677.88,22.2339,1
RC2_2_6,200,RC2,QLEARNING,8,8,5,2679.3,22.3762,1
RC2_2_6,200,RC2,QLEARNING,10,10,5,2652.62,22.1725,1
RC2_2_6,200,RC2,QLEARNING,9,9,5,2647.08,22.2527,1
RC2_2_7,200,RC2,CLASSIC,1,1,4,2660.23,30.6466,1
RC2_2_7,200,RC2,CLASSIC,3,3,4,2619.04,30.4419,1
RC2_2_7,200,RC2,CLASSIC,2,2,4,2599.81,30.867,1
RC2_2_7,200,RC2,CLASSIC,4,4,4,2629.1,30.8772,1
RC2_2_7,200,RC2,QLEARNING,1,1,4,2586.64,28.6768,1
RC2_2_7,200,RC2,CLASSIC,6,6,4,2628.83,30.2726,1
RC2_2_7,200,RC2,CLASSIC,5,5,4,2580.21,30.9154,1
RC2_2_7,200,RC2,CLASSIC,7,7,4,2610.75,30.5258,1
RC2_2_7,200,RC2,CLASSIC,8,8,4,2616.47,30.4159,1
RC2_2_7,200,RC2,QLEARNING,2,2,4,2603.99,29.2284,1
RC2_2_7,200,RC2,CLASSIC,9,9,4,2663.47,30.5281,1
RC2_2_7,200,RC2,CLASSIC,10,10,4,2634.21,30.4149,1
RC2_2_7,200,RC2,QLEARNING,3,3,4,2603.37,28.6851,1
RC2_2_7,200,RC2,QLEARNING,4,4,4,2563.73,29.0277,1
RC2_2_7,200,RC2,QLEARNING,5,5,4,2554.05,28.6606,1
RC2_2_7,200,RC2,QLEARNING,6,6,4,2699.25,27.8347,1
RC2_2_7,200,RC2,QLEARNING,8,8,4,2600.17,28.6947,1
RC2_2_7,200,RC2,QLEARNING,7,7,4,2638.15,28.8954,1
RC2_2_7,200,RC2,QLEARNING,9,9,4,2599.09,28.7658,1
RC2_2_7,200,RC2,QLEARNING,10,10,4,2643.09,28.772,1
RC2_2_8,200,RC2,CLASSIC,3,3,4,2398.36,34.9432,1
RC2_2_8,200,RC2,CLASSIC,1,1,4,2379.24,35.1165,1
RC2_2_8,200,RC2,CLASSIC,2,2,4,2373.38,35.1412,1
RC2_2_8,200,RC2,CLASSIC,4,4,4,2376.89,34.6518,1
RC2_2_8,200,RC2,CLASSIC,7,7,4,2345.51,34.3839,1
RC2_2_8,200,RC2,CLASSIC,5,5,4,2410.98,34.8973,1
RC2_2_8,200,RC2,CLASSIC,6,6,4,2394.39,34.9933,1
RC2_2_8,200,RC2,CLASSIC,8,8,4,2381.22,35.1423,1
RC2_2_8,200,RC2,QLEARNING,2,2,4,2366.85,32.6001,1
RC2_2_8,200,RC2,QLEARNING,1,1,4,2393.41,32.9554,1
RC2_2_8,200,RC2,CLASSIC,10,10,4,2375.14,34.889,1
RC2_2_8,200,RC2,CLASSIC,9,9,4,2404.53,35.3045,1
RC2_2_8,200,RC2,QLEARNING,3,3,4,2374.07,32.3014,1
RC2_2_8,200,RC2,QLEARNING,4,4,4,2372.63,32.5968,1
RC2_2_8,200,RC2,QLEARNING,5,5,4,2396.25,32.6642,1
RC2_2_8,200,RC2,QLEARNING,6,6,4,2392.84,32.7744,1
RC2_2_8,200,RC2,QLEARNING,7,7,4,2362.75,32.7144,1
RC2_2_8,200,RC2,QLEARNING,8,8,4,2377.6,32.7778,1
RC2_2_8,200,RC2,QLEARNING,9,9,4,2336.82,32.5972,1
RC2_2_8,200,RC2,QLEARNING,10,10,4,2394.56,32.6562,1
RC2_2_9,200,RC2,CLASSIC,2,2,4,2286.61,34.5998,1
RC2_2_9,200,RC2,CLASSIC,1,1,4,2217.79,35.5264,1
RC2_2_9,200,RC2,CLASSIC,4,4,4,2345.11,34.6576,1
RC2_2_9,200,RC2,CLASSIC,3,3,4,2344.55,34.9532,1
RC2_2_9,200,RC2,CLASSIC,5,5,4,2297.42,34.7292,1
RC2_2_9,200,RC2,CLASSIC,6,6,4,2327.83,34.9247,1
RC2_2_9,200,RC2,CLASSIC,7,7,4,2333.78,34.8343,1
RC2_2_9,200,RC2,QLEARNING,1,1,4,2302.69,32.5963,1
RC2_2_9,200,RC2,QLEARNING,2,2,4,2248.11,32.5395,1
RC2_2_9,200,RC2,CLASSIC,8,8,4,2368.91,34.5138,1
RC2_2_9,200,RC2,CLASSIC,9,9,4,2284.96,34.5918,1
RC2_2_9,200,RC2,CLASSIC,10,10,4,2307.01,34.7286,1
RC2_2_9,200,RC2,QLEARNING,5,5,4,2252.48,30.5598,1
RC2_2_9,200,RC2,QLEARNING,10,10,4,2261.49,29.65,1
RC2_2_9,200,RC2,QLEARNING,4,4,4,2240.46,31.7759,1
RC2_2_9,200,RC2,QLEARNING,3,3,4,2282.49,32.7384,1
RC2_2_9,200,RC2,QLEARNING,7,7,4,2293.9,31.9757,1
RC2_2_9,200,RC2,QLEARNING,6,6,4,2284.36,32.8383,1
RC2_2_9,200,RC2,QLEARNING,9,9,4,2322.87,32.4511,1
RC2_2_9,200,RC2,QLEARNING,8,8,4,2277.87,32.7815,1
RC2_2_10,200,RC2,CLASSIC,4,4,4,2128.89,32.7088,1
RC2_2_10,200,RC2,CLASSIC,3,3,4,2095.36,34.1248,1
RC2_2_10,200,RC2,CLASSIC,1,1,4,2093.95,37.3127,1
RC2_2_10,200,RC2,CLASSIC,2,2,4,2231.4,37.8914,1
RC2_2_10,200,RC2,CLASSIC,5,5,4,2166.19,29.7538,1
RC2_2_10,200,RC2,CLASSIC,6,6,4,2138.28,30.3562,1
RC2_2_10,200,RC2,CLASSIC,7,7,4,2163.52,30.128,1
RC2_2_10,200,RC2,QLEARNING,2,2,4,2145.63,27.0158,1
RC2_2_10,200,RC2,QLEARNING,4,4,4,2056.59,24.8279,1
RC2_2_10,200,RC2,QLEARNING,10,10,4,2122.98,20.4702,1
RC2_2_10,200,RC2,QLEARNING,3,3,4,2101.86,26.2741,1
RC2_2_10,200,RC2,QLEARNING,8,8,4,2101.79,20.7716,1
RC2_2_10,200,RC2,QLEARNING,7,7,4,2122.04,22.5061,1
RC2_2_10,200,RC2,QLEARNING,1,1,4,2096.87,30.122,1
RC2_2_10,200,RC2,QLEARNING,9,9,4,2119.19,22.9044,1
RC2_2_10,200,RC2,QLEARNING,6,6,4,2154.54,27.4128,1
RC2_2_10,200,RC2,CLASSIC,9,9,4,2151.29,31.18,1
RC2_2_10,200,RC2,CLASSIC,8,8,4,2113.71,33.287,1
RC2_2_10,200,RC2,CLASSIC,10,10,4,2119.2,31.4956,1
RC2_2_10,200,RC2,QLEARNING,5,5,4,2023.99,28.5024,1
