instance,size,class,algorithm,seed,run,best_veh,best_dist,cpu_time,valid
C1_4_1,400,C1,CLASSIC,1,1,40,7152.06,38.9531,1
C1_4_1,400,C1,CLASSIC,2,2,40,7152.06,38.7812,1
C1_4_1,400,C1,CLASSIC,3,3,40,7152.06,38.375,1
C1_4_1,400,C1,CLASSIC,4,4,40,7152.06,38.8906,1
C1_4_1,400,C1,CLASSIC,5,5,40,7152.06,38.4062,1
C1_4_1,400,C1,CLASSIC,6,6,40,7152.06,38,1
C1_4_1,400,C1,CLASSIC,7,7,40,7152.06,37.9688,1
C1_4_1,400,C1,CLASSIC,8,8,40,7152.06,38.2969,1
C1_4_1,400,C1,CLASSIC,9,9,40,7152.06,37.9062,1
C1_4_1,400,C1,CLASSIC,10,10,40,7152.06,38.7031,1
C1_4_1,400,C1,QLEARNING,1,1,40,7152.06,40.2031,1
C1_4_1,400,C1,QLEARNING,2,2,40,7152.06,39.8281,1
C1_4_1,400,C1,QLEARNING,3,3,40,7152.06,40.5781,1
C1_4_1,400,C1,QLEARNING,4,4,40,7152.06,39.8594,1
C1_4_1,400,C1,QLEARNING,5,5,40,7152.06,39.2031,1
C1_4_1,400,C1,QLEARNING,6,6,40,7152.06,39.2656,1
C1_4_1,400,C1,QLEARNING,7,7,40,7152.06,39.125,1
C1_4_1,400,C1,QLEARNING,8,8,40,7152.06,40.0938,1
C1_4_1,400,C1,QLEARNING,9,9,40,7152.06,40.2031,1
C1_4_1,400,C1,QLEARNING,10,10,40,7152.06,38.6094,1
C1_4_2,400,C1,CLASSIC,1,1,39,7295.53,50.1406,1
C1_4_2,400,C1,CLASSIC,2,2,39,7211.85,51.2188,1
C1_4_2,400,C1,CLASSIC,3,3,39,7223.44,51.3438,1
C1_4_2,400,C1,CLASSIC,4,4,39,7189.44,51.4375,1
C1_4_2,400,C1,CLASSIC,5,5,38,7215.09,49.2188,1
C1_4_2,400,C1,CLASSIC,6,6,39,7188.66,51.0781,1
C1_4_2,400,C1,CLASSIC,7,7,38,7249.17,49.6094,1
C1_4_2,400,C1,CLASSIC,8,8,39,7156.75,50.25,1
C1_4_2,400,C1,CLASSIC,9,9,39,7141.35,51.0781,1
C1_4_2,400,C1,CLASSIC,10,10,39,7145.35,51.5781,1
C1_4_2,400,C1,QLEARNING,1,1,39,7243.74,47.2188,1
C1_4_2,400,C1,QLEARNING,2,2,39,7707.78,49.9375,1
C1_4_2,400,C1,QLEARNING,3,3,39,7160.98,47.7969,1
C1_4_2,400,C1,QLEARNING,4,4,39,7393.25,48.6094,1
C1_4_2,400,C1,QLEARNING,5,5,38,7321.24,43.1406,1
C1_4_2,400,C1,QLEARNING,6,6,39,7150.67,47.1719,1
C1_4_2,400,C1,QLEARNING,7,7,39,7183.67,51.5312,1
C1_4_2,400,C1,QLEARNING,8,8,39,7136.75,50.0625,1
C1_4_2,400,C1,QLEARNING,9,9,39,7197.52,48.0469,1
C1_4_2,400,C1,QLEARNING,10,10,39,7221.27,49.4844,1
C1_4_3,400,C1,CLASSIC,1,1,37,7105.44,52.6094,1
C1_4_3,400,C1,CLASSIC,2,2,36,7339.25,51.7188,1
C1_4_3,400,C1,CLASSIC,3,3,36,7554.58,50.7969,1
C1_4_3,400,C1,CLASSIC,4,4,37,7157.84,52.5,1
C1_4_3,400,C1,CLASSIC,5,5,37,7182.98,52.3906,1
C1_4_3,400,C1,CLASSIC,6,6,36,7379.12,51.0469,1
C1_4_3,400,C1,CLASSIC,7,7,37,7091.37,52.2344,1
C1_4_3,400,C1,CLASSIC,8,8,37,7135.72,52.4688,1
C1_4_3,400,C1,CLASSIC,9,9,37,7051.53,53.7344,1
C1_4_3,400,C1,CLASSIC,10,10,37,7098.29,53.4062,1
C1_4_3,400,C1,QLEARNING,1,1,37,7156.56,53.3438,1
C1_4_3,400,C1,QLEARNING,2,2,37,7239.57,54.5,1
C1_4_3,400,C1,QLEARNING,3,3,37,7089.13,53.1875,1
C1_4_3,400,C1,QLEARNING,4,4,37,7127.79,52.625,1
C1_4_3,400,C1,QLEARNING,5,5,37,7060.85,53.8125,1
C1_4_3,400,C1,QLEARNING,6,6,36,7350.24,49.4062,1
C1_4_3,400,C1,QLEARNING,7,7,37,7152.9,52.9531,1
C1_4_3,400,C1,QLEARNING,8,8,37,7135.74,54.1406,1
C1_4_3,400,C1,QLEARNING,9,9,37,7205.78,52.4219,1
C1_4_3,400,C1,QLEARNING,10,10,37,7084.49,53.25,1
C1_4_4,400,C1,CLASSIC,1,1,36,7060.67,49.4219,1
C1_4_4,400,C1,CLASSIC,2,2,36,6955.26,49.2656,1
C1_4_4,400,C1,CLASSIC,3,3,36,6980.91,49.9375,1
C1_4_4,400,C1,CLASSIC,4,4,36,7198.8,51,1
C1_4_4,400,C1,CLASSIC,5,5,36,7056.55,50.2031,1
C1_4_4,400,C1,CLASSIC,6,6,36,7036.26,48.9219,1
C1_4_4,400,C1,CLASSIC,7,7,36,7031.08,49.7812,1
C1_4_4,400,C1,CLASSIC,8,8,36,6934,55.2969,1
C1_4_4,400,C1,CLASSIC,9,9,36,7051.25,49.8906,1
C1_4_4,400,C1,CLASSIC,10,10,36,7090.8,49.8594,1
C1_4_4,400,C1,QLEARNING,1,1,36,7018.36,45.5625,1
C1_4_4,400,C1,QLEARNING,2,2,36,7227.77,46.4688,1
C1_4_4,400,C1,QLEARNING,3,3,36,7069.7,46.3281,1
C1_4_4,400,C1,QLEARNING,4,4,36,7024.68,46.3594,1
C1_4_4,400,C1,QLEARNING,5,5,36,7207.02,45.3594,1
C1_4_4,400,C1,QLEARNING,6,6,36,7200.11,45.3125,1
C1_4_4,400,C1,QLEARNING,7,7,36,7094.91,45.6719,1
C1_4_4,400,C1,QLEARNING,8,8,36,7082.81,47.4062,1
C1_4_4,400,C1,QLEARNING,9,9,36,7122.25,46.0312,1
C1_4_4,400,C1,QLEARNING,10,10,36,6996.74,45.4219,1
C1_4_5,400,C1,CLASSIC,1,1,40,7152.06,40.6875,1
C1_4_5,400,C1,CLASSIC,2,2,40,7152.06,41.25,1
C1_4_5,400,C1,CLASSIC,3,3,40,7152.06,40.5,1
C1_4_5,400,C1,CLASSIC,4,4,40,7152.06,42.3906,1
C1_4_5,400,C1,CLASSIC,5,5,40,7152.06,41.3125,1
C1_4_5,400,C1,CLASSIC,6,6,40,7168.18,41.4375,1
C1_4_5,400,C1,CLASSIC,7,7,40,7152.06,41.3438,1
C1_4_5,400,C1,CLASSIC,8,8,40,7168.18,41.7188,1
C1_4_5,400,C1,CLASSIC,9,9,40,7152.06,40.5,1
C1_4_5,400,C1,CLASSIC,10,10,40,7168.18,40.8594,1
C1_4_5,400,C1,QLEARNING,1,1,40,7152.06,43.0469,1
C1_4_5,400,C1,QLEARNING,2,2,40,7152.06,47.1094,1
C1_4_5,400,C1,QLEARNING,3,3,40,7152.06,43.875,1
C1_4_5,400,C1,QLEARNING,4,4,40,7168.18,43.3125,1
C1_4_5,400,C1,QLEARNING,5,5,40,7152.06,48.375,1
C1_4_5,400,C1,QLEARNING,6,6,40,7152.06,43.9531,1
C1_4_5,400,C1,QLEARNING,7,7,40,7152.06,43.8438,1
C1_4_5,400,C1,QLEARNING,8,8,40,7152.06,43.375,1
C1_4_5,400,C1,QLEARNING,9,9,40,7152.06,42.7031,1
C1_4_5,400,C1,QLEARNING,10,10,40,7152.06,44.6875,1
C1_4_6,400,C1,CLASSIC,1,1,40,7154.26,45.5625,1
C1_4_6,400,C1,CLASSIC,2,2,40,7153.45,45.1719,1
C1_4_6,400,C1,CLASSIC,3,3,40,7153.45,44.8281,1
C1_4_6,400,C1,CLASSIC,4,4,40,7153.45,45.5156,1
C1_4_6,400,C1,CLASSIC,5,5,40,7153.45,45.4219,1
C1_4_6,400,C1,CLASSIC,6,6,40,7220.1,47.2812,1
C1_4_6,400,C1,CLASSIC,7,7,40,7220.1,45.7969,1
C1_4_6,400,C1,CLASSIC,8,8,40,7153.45,47.1094,1
C1_4_6,400,C1,CLASSIC,9,9,40,7153.45,45.7812,1
C1_4_6,400,C1,CLASSIC,10,10,40,7153.45,45.7344,1
C1_4_6,400,C1,QLEARNING,1,1,40,7220.1,50.7969,1
C1_4_6,400,C1,QLEARNING,2,2,40,7313.55,50.3906,1
C1_4_6,400,C1,QLEARNING,3,3,40,7153.45,50.3281,1
C1_4_6,400,C1,QLEARNING,4,4,40,7153.45,50.2031,1
C1_4_6,400,C1,QLEARNING,5,5,40,7153.45,51.4219,1
C1_4_6,400,C1,QLEARNING,6,6,40,7169.58,49.8906,1
C1_4_6,400,C1,QLEARNING,7,7,40,7153.45,50.375,1
C1_4_6,400,C1,QLEARNING,8,8,40,7153.45,54.6875,1
C1_4_6,400,C1,QLEARNING,9,9,40,7153.45,51.8125,1
C1_4_6,400,C1,QLEARNING,10,10,40,7153.45,53.1094,1
C1_4_7,400,C1,CLASSIC,1,1,40,7149.49,44.2812,1
C1_4_7,400,C1,CLASSIC,2,2,40,7217.34,46.9219,1
C1_4_7,400,C1,CLASSIC,3,3,40,7163.63,45.6094,1
C1_4_7,400,C1,CLASSIC,4,4,40,7167.73,45.5781,1
C1_4_7,400,C1,CLASSIC,5,5,40,7231.3,46.1406,1
C1_4_7,400,C1,CLASSIC,6,6,40,7149.67,48.1719,1
C1_4_7,400,C1,CLASSIC,7,7,40,7151.88,46.5781,1
C1_4_7,400,C1,CLASSIC,8,8,40,7217.16,47.8906,1
C1_4_7,400,C1,CLASSIC,9,9,40,7149.49,45.6875,1
C1_4_7,400,C1,CLASSIC,10,10,40,7149.49,45.8906,1
C1_4_7,400,C1,QLEARNING,1,1,40,7149.43,52.75,1
C1_4_7,400,C1,QLEARNING,2,2,40,7149.49,49.8438,1
C1_4_7,400,C1,QLEARNING,3,3,40,7168.52,50.8125,1
C1_4_7,400,C1,QLEARNING,4,4,40,7149.49,51.25,1
C1_4_7,400,C1,QLEARNING,5,5,40,7149.73,50.4688,1
C1_4_7,400,C1,QLEARNING,6,6,40,7151.79,49.1406,1
C1_4_7,400,C1,QLEARNING,7,7,40,7149.49,52.1719,1
C1_4_7,400,C1,QLEARNING,8,8,40,7149.49,51.2969,1
C1_4_7,400,C1,QLEARNING,9,9,40,7149.43,50.7031,1
C1_4_7,400,C1,QLEARNING,10,10,40,7217.4,50.2969,1
C1_4_8,400,C1,CLASSIC,1,1,40,7128.84,49.2031,1
C1_4_8,400,C1,CLASSIC,2,2,40,7154.46,48.625,1
C1_4_8,400,C1,CLASSIC,3,3,39,7177.33,49.1562,1
C1_4_8,400,C1,CLASSIC,4,4,40,7128.45,47.5625,1
C1_4_8,400,C1,CLASSIC,5,5,40,7124.86,49.625,1
C1_4_8,400,C1,CLASSIC,6,6,39,7117.1,48.4375,1
C1_4_8,400,C1,CLASSIC,7,7,39,7108.36,50.5469,1
C1_4_8,400,C1,CLASSIC,8,8,39,7113.37,48.5781,1
C1_4_8,400,C1,CLASSIC,9,9,40,7136.77,48.3281,1
C1_4_8,400,C1,CLASSIC,10,10,39,7174.16,49.1719,1
C1_4_8,400,C1,QLEARNING,1,1,40,7123.98,50.4219,1
C1_4_8,400,C1,QLEARNING,2,2,39,7174.43,50.0156,1
C1_4_8,400,C1,QLEARNING,3,3,39,7099.98,51.6875,1
C1_4_8,400,C1,QLEARNING,4,4,40,7125.58,50.8906,1
C1_4_8,400,C1,QLEARNING,5,5,40,7147.96,51.5625,1
C1_4_8,400,C1,QLEARNING,6,6,39,7167.49,49.9062,1
C1_4_8,400,C1,QLEARNING,7,7,40,7123.99,51.9062,1
C1_4_8,400,C1,QLEARNING,8,8,40,7123.61,52.4062,1
C1_4_8,400,C1,QLEARNING,9,9,39,7105.8,50.8906,1
C1_4_8,400,C1,QLEARNING,10,10,40,7121.88,51.0938,1
C1_4_9,400,C1,CLASSIC,1,1,38,7025.56,48.7969,1
C1_4_9,400,C1,CLASSIC,2,2,37,7170.26,49.2031,1
C1_4_9,400,C1,CLASSIC,3,3,38,7079.89,47.4844,1
C1_4_9,400,C1,CLASSIC,4,4,38,7040.89,48.0781,1
C1_4_9,400,C1,CLASSIC,5,5,38,7061.09,48.5469,1
C1_4_9,400,C1,CLASSIC,6,6,38,7053.36,48.4375,1
C1_4_9,400,C1,CLASSIC,7,7,38,7014.6,48.5312,1
C1_4_9,400,C1,CLASSIC,8,8,38,7129.47,48.75,1
C1_4_9,400,C1,CLASSIC,9,9,38,7095.06,48.9375,1
C1_4_9,400,C1,CLASSIC,10,10,38,7163.15,47.4531,1
C1_4_9,400,C1,QLEARNING,1,1,37,7459.15,49.5,1
C1_4_9,400,C1,QLEARNING,2,2,37,7201.02,45.7188,1
C1_4_9,400,C1,QLEARNING,3,3,37,7096.58,45.3281,1
C1_4_9,400,C1,QLEARNING,4,4,37,7318.19,45.8906,1
C1_4_9,400,C1,QLEARNING,5,5,38,7166.9,47.4531,1
C1_4_9,400,C1,QLEARNING,6,6,37,7268.06,47.0469,1
C1_4_9,400,C1,QLEARNING,7,7,37,7583.33,47.0469,1
C1_4_9,400,C1,QLEARNING,8,8,37,7267.07,48.0625,1
C1_4_9,400,C1,QLEARNING,9,9,37,7060.41,43.8125,1
C1_4_9,400,C1,QLEARNING,10,10,37,7265.82,46.8906,1
C1_4_10,400,C1,CLASSIC,1,1,37,6955.99,52.1406,1
C1_4_10,400,C1,CLASSIC,2,2,37,6877.27,52.5781,1
C1_4_10,400,C1,CLASSIC,3,3,37,7172.15,53.4062,1
C1_4_10,400,C1,CLASSIC,4,4,37,6990.27,52.4375,1
C1_4_10,400,C1,CLASSIC,5,5,37,6973.5,51.8281,1
C1_4_10,400,C1,CLASSIC,6,6,37,6957.69,51.5469,1
C1_4_10,400,C1,CLASSIC,7,7,37,6932.18,52.3594,1
C1_4_10,400,C1,CLASSIC,8,8,37,6917.58,51.5625,1
C1_4_10,400,C1,CLASSIC,9,9,37,6902.84,52.25,1
C1_4_10,400,C1,CLASSIC,10,10,37,6905.56,52.1562,1
C1_4_10,400,C1,QLEARNING,1,1,37,6992,49.4688,1
C1_4_10,400,C1,QLEARNING,2,2,37,7139.07,46.7969,1
C1_4_10,400,C1,QLEARNING,3,3,37,7076.64,49,1
C1_4_10,400,C1,QLEARNING,4,4,37,6938,47.0625,1
C1_4_10,400,C1,QLEARNING,5,5,37,6935.75,47.1094,1
C1_4_10,400,C1,QLEARNING,6,6,37,7048.7,47.4375,1
C1_4_10,400,C1,QLEARNING,7,7,37,7093.02,48.1406,1
C1_4_10,400,C1,QLEARNING,8,8,37,6902.74,48.4375,1
C1_4_10,400,C1,QLEARNING,9,9,37,6912.49,48.875,1
C1_4_10,400,C1,QLEARNING,10,10,37,7021.18,47.6406,1
C2_4_1,400,C2,CLASSIC,1,1,13,4273.87,47.0156,1
C2_4_1,400,C2,CLASSIC,2,2,13,4343.22,46.7031,1
C2_4_1,400,C2,CLASSIC,3,3,12,4206.66,46.8906,1
C2_4_1,400,C2,CLASSIC,4,4,12,4199.07,46.125,1
C2_4_1,400,C2,CLASSIC,5,5,12,4168.33,46.9844,1
C2_4_1,400,C2,CLASSIC,6,6,13,4382.58,46.0469,1
C2_4_1,400,C2,CLASSIC,7,7,12,4174.56,46.6562,1
C2_4_1,400,C2,CLASSIC,8,8,13,4171.18,46.7812,1
C2_4_1,400,C2,CLASSIC,9,9,13,4253.08,44.4062,1
C2_4_1,400,C2,CLASSIC,10,10,13,4446.79,46.4062,1
C2_4_1,400,C2,QLEARNING,1,1,12,4164.34,41.2969,1
C2_4_1,400,C2,QLEARNING,2,2,12,4170.18,43.0781,1
C2_4_1,400,C2,QLEARNING,3,3,13,4317.48,46.6094,1
C2_4_1,400,C2,QLEARNING,4,4,13,4249.93,45.1406,1
C2_4_1,400,C2,QLEARNING,5,5,12,4116.33,42.8125,1
C2_4_1,400,C2,QLEARNING,6,6,13,4324.98,42.5781,1
C2_4_1,400,C2,QLEARNING,7,7,12,4376.03,43.0938,1
C2_4_1,400,C2,QLEARNING,8,8,13,4336.32,43.9844,1
C2_4_1,400,C2,QLEARNING,9,9,13,4430.83,44.5625,1
C2_4_1,400,C2,QLEARNING,10,10,12,4243.51,42.3594,1
C2_4_2,400,C2,CLASSIC,1,1,12,4084.73,67.5312,1
C2_4_2,400,C2,CLASSIC,2,2,12,4163.78,66.3438,1
C2_4_2,400,C2,CLASSIC,3,3,12,4092.62,67.3438,1
C2_4_2,400,C2,CLASSIC,4,4,13,4153.17,63.5,1
C2_4_2,400,C2,CLASSIC,5,5,12,4223.14,67.2656,1
C2_4_2,400,C2,CLASSIC,6,6,12,4023.29,61.1406,1
C2_4_2,400,C2,CLASSIC,7,7,12,4168.15,61.4688,1
C2_4_2,400,C2,CLASSIC,8,8,12,4286.45,64.2031,1
C2_4_2,400,C2,CLASSIC,9,9,12,4238.39,66.5,1
C2_4_2,400,C2,CLASSIC,10,10,12,4148.07,67.4375,1
C2_4_2,400,C2,QLEARNING,1,1,12,3974.81,74,1
C2_4_2,400,C2,QLEARNING,2,2,12,4203.02,74.7031,1
C2_4_2,400,C2,QLEARNING,3,3,12,4054.62,73.9688,1
C2_4_2,400,C2,QLEARNING,4,4,12,4200.93,73.25,1
C2_4_2,400,C2,QLEARNING,5,5,12,4098.22,75.4844,1
C2_4_2,400,C2,QLEARNING,6,6,12,4158.21,71.4688,1
C2_4_2,400,C2,QLEARNING,7,7,12,4422.06,73.8594,1
C2_4_2,400,C2,QLEARNING,8,8,12,4321.78,71.6562,1
C2_4_2,400,C2,QLEARNING,9,9,12,4233.25,74.9844,1
C2_4_2,400,C2,QLEARNING,10,10,12,4062.46,69.9531,1
C2_4_3,400,C2,CLASSIC,1,1,12,3937.12,68.0781,1
C2_4_3,400,C2,CLASSIC,2,2,12,4051.19,68.4531,1
C2_4_3,400,C2,CLASSIC,3,3,12,3970.41,68.9219,1
C2_4_3,400,C2,CLASSIC,4,4,12,4057.06,69.1406,1
C2_4_3,400,C2,CLASSIC,5,5,12,4052.01,68.9219,1
C2_4_3,400,C2,CLASSIC,6,6,12,4202.21,69.9688,1
C2_4_3,400,C2,CLASSIC,7,7,12,4108.07,68.7812,1
C2_4_3,400,C2,CLASSIC,8,8,12,3977.2,67.875,1
C2_4_3,400,C2,CLASSIC,9,9,12,4263.29,69.0781,1
C2_4_3,400,C2,CLASSIC,10,10,12,4062.47,68.1406,1
C2_4_3,400,C2,QLEARNING,1,1,12,3889.17,73.0312,1
C2_4_3,400,C2,QLEARNING,2,2,12,4191.63,70.4531,1
C2_4_3,400,C2,QLEARNING,3,3,12,4113.09,74.8438,1
C2_4_3,400,C2,QLEARNING,4,4,12,3883.15,71.6875,1
C2_4_3,400,C2,QLEARNING,5,5,12,3994.05,75.2344,1
C2_4_3,400,C2,QLEARNING,6,6,12,3961.95,71.9531,1
C2_4_3,400,C2,QLEARNING,7,7,12,4043.76,72.6719,1
C2_4_3,400,C2,QLEARNING,8,8,12,4062.18,73.3906,1
C2_4_3,400,C2,QLEARNING,9,9,12,3923.51,73.0625,1
C2_4_3,400,C2,QLEARNING,10,10,12,3837.22,73.5469,1
C2_4_4,400,C2,CLASSIC,1,1,12,3771.93,69.0781,1
C2_4_4,400,C2,CLASSIC,2,2,12,3736.76,69.375,1
C2_4_4,400,C2,CLASSIC,3,3,12,3840.8,69.7969,1
C2_4_4,400,C2,CLASSIC,4,4,12,3790.99,68.6406,1
C2_4_4,400,C2,CLASSIC,5,5,12,3707.47,69.0156,1
C2_4_4,400,C2,CLASSIC,6,6,12,3799.09,69.125,1
C2_4_4,400,C2,CLASSIC,7,7,12,3809.85,69.6406,1
C2_4_4,400,C2,CLASSIC,8,8,12,4061.7,70.2969,1
C2_4_4,400,C2,CLASSIC,9,9,12,3915.34,69.5156,1
C2_4_4,400,C2,CLASSIC,10,10,12,4002.28,70.375,1
C2_4_4,400,C2,QLEARNING,1,1,12,3644.65,72.6719,1
C2_4_4,400,C2,QLEARNING,2,2,12,3803.19,72.9531,1
C2_4_4,400,C2,QLEARNING,3,3,12,3687.44,73.3125,1
C2_4_4,400,C2,QLEARNING,4,4,12,3822,73.5,1
C2_4_4,400,C2,QLEARNING,5,5,12,3912.03,73.4688,1
C2_4_4,400,C2,QLEARNING,6,6,12,4023.73,74.5,1
C2_4_4,400,C2,QLEARNING,7,7,12,3721.82,73.4688,1
C2_4_4,400,C2,QLEARNING,8,8,12,3743.05,75.25,1
C2_4_4,400,C2,QLEARNING,9,9,12,3725.29,73.6562,1
C2_4_4,400,C2,QLEARNING,10,10,12,3760.8,72.8125,1
C2_4_5,400,C2,CLASSIC,1,1,13,4229.54,45.0312,1
C2_4_5,400,C2,CLASSIC,2,2,13,4057.32,45.3281,1
C2_4_5,400,C2,CLASSIC,3,3,12,4074.5,44.6719,1
C2_4_5,400,C2,CLASSIC,4,4,13,4253.16,45.0938,1
C2_4_5,400,C2,CLASSIC,5,5,13,4045.75,45.125,1
C2_4_5,400,C2,CLASSIC,6,6,13,4172.19,45.1875,1
C2_4_5,400,C2,CLASSIC,7,7,13,4142.78,44.9844,1
C2_4_5,400,C2,CLASSIC,8,8,13,4125.23,44.8125,1
C2_4_5,400,C2,CLASSIC,9,9,12,4034.13,45.1719,1
C2_4_5,400,C2,CLASSIC,10,10,13,4103.66,45.3281,1
C2_4_5,400,C2,QLEARNING,1,1,13,4399.24,49.4531,1
C2_4_5,400,C2,QLEARNING,2,2,13,4144.14,47.9375,1
C2_4_5,400,C2,QLEARNING,3,3,13,4178.41,47.3438,1
C2_4_5,400,C2,QLEARNING,4,4,13,4146.72,48.3438,1
C2_4_5,400,C2,QLEARNING,5,5,13,4184.01,48.7031,1
C2_4_5,400,C2,QLEARNING,6,6,13,4179.35,46.5,1
C2_4_5,400,C2,QLEARNING,7,7,13,4123.42,48.0781,1
C2_4_5,400,C2,QLEARNING,8,8,13,4088.72,46.0156,1
C2_4_5,400,C2,QLEARNING,9,9,13,4070.79,47.5,1
C2_4_5,400,C2,QLEARNING,10,10,13,4134.7,48.625,1
C2_4_6,400,C2,CLASSIC,1,1,13,4206.61,48.4688,1
C2_4_6,400,C2,CLASSIC,2,2,13,4059.37,48.6562,1
C2_4_6,400,C2,CLASSIC,3,3,13,4074.57,49.2188,1
C2_4_6,400,C2,CLASSIC,4,4,13,4117.43,49.6094,1
C2_4_6,400,C2,CLASSIC,5,5,13,4028.41,48.9688,1
C2_4_6,400,C2,CLASSIC,6,6,13,4042.08,49.2969,1
C2_4_6,400,C2,CLASSIC,7,7,13,4095.77,49.25,1
C2_4_6,400,C2,CLASSIC,8,8,12,3967.5,48.5625,1
C2_4_6,400,C2,CLASSIC,9,9,13,4139.86,48.875,1
C2_4_6,400,C2,CLASSIC,10,10,13,4006.95,49.125,1
C2_4_6,400,C2,QLEARNING,1,1,13,4085.33,51.6562,1
C2_4_6,400,C2,QLEARNING,2,2,13,4187.95,52.4844,1
C2_4_6,400,C2,QLEARNING,3,3,12,4044.2,51.8906,1
C2_4_6,400,C2,QLEARNING,4,4,13,4161.69,51.3125,1
C2_4_6,400,C2,QLEARNING,5,5,13,4089.53,51.7969,1
C2_4_6,400,C2,QLEARNING,6,6,13,4110.93,53.25,1
C2_4_6,400,C2,QLEARNING,7,7,12,4014.22,50.0781,1
C2_4_6,400,C2,QLEARNING,8,8,12,3939.2,51.0625,1
C2_4_6,400,C2,QLEARNING,9,9,13,4122.65,53.5,1
C2_4_6,400,C2,QLEARNING,10,10,13,4137.15,54.0469,1
C2_4_7,400,C2,CLASSIC,1,1,13,4105.56,53.7969,1
C2_4_7,400,C2,CLASSIC,2,2,13,4129.62,53.7812,1
C2_4_7,400,C2,CLASSIC,3,3,13,4146.79,54.1094,1
C2_4_7,400,C2,CLASSIC,4,4,13,4109.04,53.5938,1
C2_4_7,400,C2,CLASSIC,5,5,13,4120.77,53.6094,1
C2_4_7,400,C2,CLASSIC,6,6,13,4210.48,54.5156,1
C2_4_7,400,C2,CLASSIC,7,7,13,4094.12,53.5781,1
C2_4_7,400,C2,CLASSIC,8,8,13,4125.7,52.5625,1
C2_4_7,400,C2,CLASSIC,9,9,13,4144.27,54.8906,1
C2_4_7,400,C2,CLASSIC,10,10,13,4196.18,54.4062,1
C2_4_7,400,C2,QLEARNING,1,1,13,4315.51,57.4531,1
C2_4_7,400,C2,QLEARNING,2,2,13,4044.23,54.8125,1
C2_4_7,400,C2,QLEARNING,3,3,13,4262.34,56.5781,1
C2_4_7,400,C2,QLEARNING,4,4,13,4134.49,55.4844,1
C2_4_7,400,C2,QLEARNING,5,5,13,4152.54,56.9062,1
C2_4_7,400,C2,QLEARNING,6,6,13,4195.52,57.25,1
C2_4_7,400,C2,QLEARNING,7,7,13,4088.88,57.7031,1
C2_4_7,400,C2,QLEARNING,8,8,13,4102.05,56.5312,1
C2_4_7,400,C2,QLEARNING,9,9,13,4258.43,57.2812,1
C2_4_7,400,C2,QLEARNING,10,10,13,4156.11,57.5156,1
C2_4_8,400,C2,CLASSIC,1,1,13,4100.62,51.8438,1
C2_4_8,400,C2,CLASSIC,2,2,13,3987.78,50.7812,1
C2_4_8,400,C2,CLASSIC,3,3,13,4162.6,51.0156,1
C2_4_8,400,C2,CLASSIC,4,4,13,3921.44,49.8281,1
C2_4_8,400,C2,CLASSIC,5,5,13,3925.11,51.0781,1
C2_4_8,400,C2,CLASSIC,6,6,12,3942.72,50.3281,1
C2_4_8,400,C2,CLASSIC,7,7,13,3929.17,50.1875,1
C2_4_8,400,C2,CLASSIC,8,8,13,4042.35,50.5,1
C2_4_8,400,C2,CLASSIC,9,9,13,4189.54,51.0469,1
C2_4_8,400,C2,CLASSIC,10,10,13,3999.78,50.7344,1
C2_4_8,400,C2,QLEARNING,1,1,12,4044.69,54.7344,1
C2_4_8,400,C2,QLEARNING,2,2,12,4061.35,55.4844,1
C2_4_8,400,C2,QLEARNING,3,3,12,3940.27,56.4219,1
C2_4_8,400,C2,QLEARNING,4,4,12,3930.89,54.9219,1
C2_4_8,400,C2,QLEARNING,5,5,12,3938.01,55.875,1
C2_4_8,400,C2,QLEARNING,6,6,12,3839.37,54.5781,1
C2_4_8,400,C2,QLEARNING,7,7,13,4089.15,55.4219,1
C2_4_8,400,C2,QLEARNING,8,8,13,3924.34,52.5469,1
C2_4_8,400,C2,QLEARNING,9,9,13,3989.04,55.1406,1
C2_4_8,400,C2,QLEARNING,10,10,12,3924.11,54.2812,1
C2_4_9,400,C2,CLASSIC,1,1,13,4138.71,57.8906,1
C2_4_9,400,C2,CLASSIC,2,2,13,4013.61,56.6562,1
C2_4_9,400,C2,CLASSIC,3,3,13,3989.41,56.4062,1
C2_4_9,400,C2,CLASSIC,4,4,13,4140.35,57.6406,1
C2_4_9,400,C2,CLASSIC,5,5,13,4084.34,57.1562,1
C2_4_9,400,C2,CLASSIC,6,6,13,4020.7,59.7031,1
C2_4_9,400,C2,CLASSIC,7,7,13,4142.59,57.2188,1
C2_4_9,400,C2,CLASSIC,8,8,13,3990.41,57.4375,1
C2_4_9,400,C2,CLASSIC,9,9,13,4053.3,56.8594,1
C2_4_9,400,C2,CLASSIC,10,10,13,3972.73,57.4531,1
C2_4_9,400,C2,QLEARNING,1,1,13,4107.43,62.7031,1
C2_4_9,400,C2,QLEARNING,2,2,13,4073.43,59.375,1
C2_4_9,400,C2,QLEARNING,3,3,13,4034.09,61.6562,1
C2_4_9,400,C2,QLEARNING,4,4,13,4071.55,62.1875,1
C2_4_9,400,C2,QLEARNING,5,5,13,4050.34,61.2656,1
C2_4_9,400,C2,QLEARNING,6,6,13,4181.36,62.7969,1
C2_4_9,400,C2,QLEARNING,7,7,13,4025.37,61.7812,1
C2_4_9,400,C2,QLEARNING,8,8,13,4112.86,62.3594,1
C2_4_9,400,C2,QLEARNING,9,9,13,4235.25,62.6875,1
C2_4_9,400,C2,QLEARNING,10,10,13,4035.3,60.8125,1
C2_4_10,400,C2,CLASSIC,1,1,13,3920.97,52.8594,1
C2_4_10,400,C2,CLASSIC,2,2,13,3944.24,53.4375,1
C2_4_10,400,C2,CLASSIC,3,3,12,4126.69,53,1
C2_4_10,400,C2,CLASSIC,4,4,13,3980.44,52.9844,1
C2_4_10,400,C2,CLASSIC,5,5,13,3836.66,53.0625,1
C2_4_10,400,C2,CLASSIC,6,6,13,3945.02,52.9062,1
C2_4_10,400,C2,CLASSIC,7,7,13,3837.76,52.7656,1
C2_4_10,400,C2,CLASSIC,8,8,13,3921.52,52.3594,1
C2_4_10,400,C2,CLASSIC,9,9,13,3906.49,52.5,1
C2_4_10,400,C2,CLASSIC,10,10,12,3906.15,53.0156,1
C2_4_10,400,C2,QLEARNING,1,1,12,4106.49,55.9375,1
C2_4_10,400,C2,QLEARNING,2,2,12,4048.87,56.1406,1
C2_4_10,400,C2,QLEARNING,3,3,12,3979.33,55.9531,1
C2_4_10,400,C2,QLEARNING,4,4,12,4145.73,58.375,1
C2_4_10,400,C2,QLEARNING,5,5,12,3929.96,56.4531,1
C2_4_10,400,C2,QLEARNING,6,6,12,4122.73,54.7656,1
C2_4_10,400,C2,QLEARNING,7,7,12,3952.13,54.6875,1
C2_4_10,400,C2,QLEARNING,8,8,12,3864.78,55.6094,1
C2_4_10,400,C2,QLEARNING,9,9,12,4061.87,55.4844,1
C2_4_10,400,C2,QLEARNING,10,10,12,3883.19,54.5156,1
R1_4_1,400,R1,CLASSIC,1,1,40,10633.2,43.6094,1
R1_4_1,400,R1,CLASSIC,2,2,40,10571.2,43.4844,1
R1_4_1,400,R1,CLASSIC,3,3,40,10607.4,43.6406,1
R1_4_1,400,R1,CLASSIC,4,4,40,10667.7,43.9219,1
R1_4_1,400,R1,CLASSIC,5,5,40,10745.1,44.3438,1
R1_4_1,400,R1,CLASSIC,6,6,40,10685.8,43.4375,1
R1_4_1,400,R1,CLASSIC,7,7,40,10685.9,43.9219,1
R1_4_1,400,R1,CLASSIC,8,8,40,10671.9,43.875,1
R1_4_1,400,R1,CLASSIC,9,9,40,10648.3,44.2656,1
R1_4_1,400,R1,CLASSIC,10,10,40,10581.4,43.8594,1
R1_4_1,400,R1,QLEARNING,1,1,40,10627.8,35.25,1
R1_4_1,400,R1,QLEARNING,2,2,40,10753.7,34.1875,1
R1_4_1,400,R1,QLEARNING,3,3,40,10728,35.8906,1
R1_4_1,400,R1,QLEARNING,4,4,40,10717.2,34.4219,1
R1_4_1,400,R1,QLEARNING,5,5,40,10667.8,35.5781,1
R1_4_1,400,R1,QLEARNING,6,6,40,10576.8,36.6875,1
R1_4_1,400,R1,QLEARNING,7,7,40,10640.6,34.4062,1
R1_4_1,400,R1,QLEARNING,8,8,40,10581.7,34.6094,1
R1_4_1,400,R1,QLEARNING,9,9,40,10634.7,34.6875,1
R1_4_1,400,R1,QLEARNING,10,10,40,10621.9,35.0625,1
R1_4_2,400,R1,CLASSIC,1,1,37,9351.19,54,1
R1_4_2,400,R1,CLASSIC,2,2,36,9789.77,49.875,1
R1_4_2,400,R1,CLASSIC,3,3,37,9197.55,54.0156,1
R1_4_2,400,R1,CLASSIC,4,4,37,9230.87,53.6094,1
R1_4_2,400,R1,CLASSIC,5,5,37,9304.66,55.2188,1
R1_4_2,400,R1,CLASSIC,6,6,37,9356.13,53.3281,1
R1_4_2,400,R1,CLASSIC,7,7,37,9258.5,54.5781,1
R1_4_2,400,R1,CLASSIC,8,8,37,9281.59,54.6562,1
R1_4_2,400,R1,CLASSIC,9,9,37,9195.83,53.2188,1
R1_4_2,400,R1,CLASSIC,10,10,37,9282.35,54.6094,1
R1_4_2,400,R1,QLEARNING,1,1,37,9243.69,54.6719,1
R1_4_2,400,R1,QLEARNING,2,2,37,9204.2,55.0781,1
R1_4_2,400,R1,QLEARNING,3,3,37,9215.49,53.8281,1
R1_4_2,400,R1,QLEARNING,4,4,37,9185.18,54.3906,1
R1_4_2,400,R1,QLEARNING,5,5,37,9132.66,55.0312,1
R1_4_2,400,R1,QLEARNING,6,6,37,9299.84,56.0469,1
R1_4_2,400,R1,QLEARNING,7,7,37,9282.24,54.9062,1
R1_4_2,400,R1,QLEARNING,8,8,37,9191.68,53.9844,1
R1_4_2,400,R1,QLEARNING,9,9,37,9209.08,54.125,1
R1_4_2,400,R1,QLEARNING,10,10,37,9222.7,54.7656,1
R1_4_3,400,R1,CLASSIC,1,1,36,8212.43,57,1
R1_4_3,400,R1,CLASSIC,2,2,36,8406.51,48.4531,1
R1_4_3,400,R1,CLASSIC,3,3,36,8356.43,53.4219,1
R1_4_3,400,R1,CLASSIC,4,4,36,8232.19,53.9688,1
R1_4_3,400,R1,CLASSIC,5,5,36,8383.68,53.5312,1
R1_4_3,400,R1,CLASSIC,6,6,36,8294.29,52.8125,1
R1_4_3,400,R1,CLASSIC,7,7,36,8570.2,54.8438,1
R1_4_3,400,R1,CLASSIC,8,8,36,8270.84,53.4219,1
R1_4_3,400,R1,CLASSIC,9,9,36,8253.9,49.2344,1
R1_4_3,400,R1,CLASSIC,10,10,36,8259.96,52.4844,1
R1_4_3,400,R1,QLEARNING,1,1,36,8275.79,49.3906,1
R1_4_3,400,R1,QLEARNING,2,2,36,8178.12,51.3281,1
R1_4_3,400,R1,QLEARNING,3,3,36,8194.75,48.4531,1
R1_4_3,400,R1,QLEARNING,4,4,36,8122.06,50.2969,1
R1_4_3,400,R1,QLEARNING,5,5,36,8258.29,49.4531,1
R1_4_3,400,R1,QLEARNING,6,6,36,8232.99,49.625,1
R1_4_3,400,R1,QLEARNING,7,7,36,8101.61,47.875,1
R1_4_3,400,R1,QLEARNING,8,8,36,8229.55,50.6562,1
R1_4_3,400,R1,QLEARNING,9,9,36,8230.11,49.5938,1
R1_4_3,400,R1,QLEARNING,10,10,36,8181.31,50.3438,1
R1_4_4,400,R1,CLASSIC,1,1,36,7557.37,49.0938,1
R1_4_4,400,R1,CLASSIC,2,2,36,7586.35,48.8594,1
R1_4_4,400,R1,CLASSIC,3,3,36,7554.32,49.5312,1
R1_4_4,400,R1,CLASSIC,4,4,36,7623.13,49.2188,1
R1_4_4,400,R1,CLASSIC,5,5,36,7666.51,49.8594,1
R1_4_4,400,R1,CLASSIC,6,6,36,7661.25,50.2656,1
R1_4_4,400,R1,CLASSIC,7,7,36,7532.56,49.6719,1
R1_4_4,400,R1,CLASSIC,8,8,36,7588.65,49.6875,1
R1_4_4,400,R1,CLASSIC,9,9,36,7535.08,48.6562,1
R1_4_4,400,R1,CLASSIC,10,10,36,7642.52,48.4219,1
R1_4_4,400,R1,QLEARNING,1,1,36,7496.62,48.4844,1
R1_4_4,400,R1,QLEARNING,2,2,36,7500.22,47.375,1
R1_4_4,400,R1,QLEARNING,3,3,36,7521.57,47.5312,1
R1_4_4,400,R1,QLEARNING,4,4,36,7636.59,46.9844,1
R1_4_4,400,R1,QLEARNING,5,5,36,7562.99,47.1719,1
R1_4_4,400,R1,QLEARNING,6,6,36,7600.63,47.9844,1
R1_4_4,400,R1,QLEARNING,7,7,36,7514.32,47.5156,1
R1_4_4,400,R1,QLEARNING,8,8,36,7584.1,46.0625,1
R1_4_4,400,R1,QLEARNING,9,9,36,7503.8,47.8906,1
R1_4_4,400,R1,QLEARNING,10,10,36,7508.39,48.4688,1
R1_4_5,400,R1,CLASSIC,1,1,37,9494.18,38.9844,1
R1_4_5,400,R1,CLASSIC,2,2,37,9396.23,38.7188,1
R1_4_5,400,R1,CLASSIC,3,3,37,9423.54,38.6719,1
R1_4_5,400,R1,CLASSIC,4,4,37,9471.32,38.125,1
R1_4_5,400,R1,CLASSIC,5,5,37,9471.71,38.6719,1
R1_4_5,400,R1,CLASSIC,6,6,37,9459.68,39.1875,1
R1_4_5,400,R1,CLASSIC,7,7,37,9423.39,38.5,1
R1_4_5,400,R1,CLASSIC,8,8,37,9444.16,38.375,1
R1_4_5,400,R1,CLASSIC,9,9,37,9532.69,38.3125,1
R1_4_5,400,R1,CLASSIC,10,10,37,9444.32,38.4531,1
R1_4_5,400,R1,QLEARNING,1,1,37,9417.58,40.1875,1
R1_4_5,400,R1,QLEARNING,2,2,37,9421.83,39.6094,1
R1_4_5,400,R1,QLEARNING,3,3,37,9490.52,39.2812,1
R1_4_5,400,R1,QLEARNING,4,4,37,9397.21,39.9062,1
R1_4_5,400,R1,QLEARNING,5,5,37,9441.66,37.4062,1
R1_4_5,400,R1,QLEARNING,6,6,37,9411.2,36.7656,1
R1_4_5,400,R1,QLEARNING,7,7,37,9431.23,36.8438,1
R1_4_5,400,R1,QLEARNING,8,8,37,9411.35,39.9531,1
R1_4_5,400,R1,QLEARNING,9,9,37,9567.65,38.375,1
R1_4_5,400,R1,QLEARNING,10,10,37,9415.5,40.1562,1
R1_4_6,400,R1,CLASSIC,1,1,36,9201.92,37.0938,1
R1_4_6,400,R1,CLASSIC,2,2,36,9401.6,37.8594,1
R1_4_6,400,R1,CLASSIC,3,3,36,9007.64,43.1875,1
R1_4_6,400,R1,CLASSIC,4,4,37,8709.44,52.4375,1
R1_4_6,400,R1,CLASSIC,5,5,37,8641.56,52.125,1
R1_4_6,400,R1,CLASSIC,6,6,36,9380.84,52.9219,1
R1_4_6,400,R1,CLASSIC,7,7,36,9196.95,46.2188,1
R1_4_6,400,R1,CLASSIC,8,8,36,9143.59,51.4375,1
R1_4_6,400,R1,CLASSIC,9,9,36,9330.42,44.625,1
R1_4_6,400,R1,CLASSIC,10,10,36,9147.81,48,1
R1_4_6,400,R1,QLEARNING,1,1,37,8606.32,52.7188,1
R1_4_6,400,R1,QLEARNING,2,2,37,8622.28,53.3438,1
R1_4_6,400,R1,QLEARNING,3,3,36,8893.1,46.3906,1
R1_4_6,400,R1,QLEARNING,4,4,36,9017.04,46.7031,1
R1_4_6,400,R1,QLEARNING,5,5,36,8912.6,51.3594,1
R1_4_6,400,R1,QLEARNING,6,6,36,9039.09,46.8281,1
R1_4_6,400,R1,QLEARNING,7,7,36,8808.36,45.8438,1
R1_4_6,400,R1,QLEARNING,8,8,36,8912.94,50.2969,1
R1_4_6,400,R1,QLEARNING,9,9,36,8989.53,46.875,1
R1_4_6,400,R1,QLEARNING,10,10,36,8776.92,51.6719,1
R1_4_7,400,R1,CLASSIC,1,1,36,7904.76,53.8906,1
R1_4_7,400,R1,CLASSIC,2,2,36,7988.59,50.8594,1
R1_4_7,400,R1,CLASSIC,3,3,36,8061.6,53.5156,1
R1_4_7,400,R1,CLASSIC,4,4,36,8039.85,52.2031,1
R1_4_7,400,R1,CLASSIC,5,5,36,8098.23,53.8438,1
R1_4_7,400,R1,CLASSIC,6,6,36,8004.31,54.4062,1
R1_4_7,400,R1,CLASSIC,7,7,36,8026.63,54.1875,1
R1_4_7,400,R1,CLASSIC,8,8,36,7964.7,54.7188,1
R1_4_7,400,R1,CLASSIC,9,9,36,8152.25,52.8125,1
R1_4_7,400,R1,CLASSIC,10,10,36,7941.14,53.375,1
R1_4_7,400,R1,QLEARNING,1,1,36,7931.42,49.6875,1
R1_4_7,400,R1,QLEARNING,2,2,36,7906.04,50.3125,1
R1_4_7,400,R1,QLEARNING,3,3,36,7882.94,49.6094,1
R1_4_7,400,R1,QLEARNING,4,4,36,7841.93,50.2188,1
R1_4_7,400,R1,QLEARNING,5,5,36,7877.67,50.9375,1
R1_4_7,400,R1,QLEARNING,6,6,36,8042.28,49.0156,1
R1_4_7,400,R1,QLEARNING,7,7,36,8058.54,49.7031,1
R1_4_7,400,R1,QLEARNING,8,8,36,7946.11,50.7969,1
R1_4_7,400,R1,QLEARNING,9,9,36,7922.01,49.8125,1
R1_4_7,400,R1,QLEARNING,10,10,36,7937.03,50.9531,1
R1_4_8,400,R1,CLASSIC,1,1,36,7584.79,46.625,1
R1_4_8,400,R1,CLASSIC,2,2,36,7526.6,46.7344,1
R1_4_8,400,R1,CLASSIC,3,3,36,7539.86,45.6094,1
R1_4_8,400,R1,CLASSIC,4,4,36,7564.65,46.0938,1
R1_4_8,400,R1,CLASSIC,5,5,36,7597.48,46.5938,1
R1_4_8,400,R1,CLASSIC,6,6,36,7610.09,45.9219,1
R1_4_8,400,R1,CLASSIC,7,7,36,7651.63,46.0938,1
R1_4_8,400,R1,CLASSIC,8,8,36,7607.45,46.25,1
R1_4_8,400,R1,CLASSIC,9,9,36,7606.15,46.6406,1
R1_4_8,400,R1,CLASSIC,10,10,36,7575.17,46.4688,1
R1_4_8,400,R1,QLEARNING,1,1,36,7498.68,43.2812,1
R1_4_8,400,R1,QLEARNING,2,2,36,7503.21,44.2812,1
R1_4_8,400,R1,QLEARNING,3,3,36,7463.4,45.6562,1
R1_4_8,400,R1,QLEARNING,4,4,36,7526.89,43.8125,1
R1_4_8,400,R1,QLEARNING,5,5,36,7500.37,45.8594,1
R1_4_8,400,R1,QLEARNING,6,6,36,7545.42,43.9844,1
R1_4_8,400,R1,QLEARNING,7,7,36,7545,43.9062,1
R1_4_8,400,R1,QLEARNING,8,8,36,7482.56,43.9531,1
R1_4_8,400,R1,QLEARNING,9,9,36,7510.48,43.625,1
R1_4_8,400,R1,QLEARNING,10,10,36,7493.09,45.125,1
R1_4_9,400,R1,CLASSIC,1,1,37,8992.87,38.8125,1
R1_4_9,400,R1,CLASSIC,2,2,37,8991.37,39.2031,1
R1_4_9,400,R1,CLASSIC,3,3,37,9001.77,39.1406,1
R1_4_9,400,R1,CLASSIC,4,4,37,8959.45,38.4375,1
R1_4_9,400,R1,CLASSIC,5,5,37,9051.73,42.8906,1
R1_4_9,400,R1,CLASSIC,6,6,37,8998.79,38.9844,1
R1_4_9,400,R1,CLASSIC,7,7,36,9731.52,33.4062,1
R1_4_9,400,R1,CLASSIC,8,8,37,8881.37,37.9219,1
R1_4_9,400,R1,CLASSIC,9,9,36,13099.2,28.5156,1
R1_4_9,400,R1,CLASSIC,10,10,37,9026.51,38.25,1
R1_4_9,400,R1,QLEARNING,1,1,37,8882.33,38.8125,1
R1_4_9,400,R1,QLEARNING,2,2,37,8963.42,39.1875,1
R1_4_9,400,R1,QLEARNING,3,3,37,8938.37,40.625,1
R1_4_9,400,R1,QLEARNING,4,4,37,8874.04,41.1094,1
R1_4_9,400,R1,QLEARNING,5,5,36,9320.69,38.8281,1
R1_4_9,400,R1,QLEARNING,6,6,36,9218.26,36.5625,1
R1_4_9,400,R1,QLEARNING,7,7,36,9269.29,35.75,1
R1_4_9,400,R1,QLEARNING,8,8,37,8853.02,39.0625,1
R1_4_9,400,R1,QLEARNING,9,9,36,9581.67,43.6562,1
R1_4_9,400,R1,QLEARNING,10,10,36,9348.46,37.5156,1
R1_4_10,400,R1,CLASSIC,1,1,36,8614.02,31.2344,1
R1_4_10,400,R1,CLASSIC,2,2,36,8578.01,31.5312,1
R1_4_10,400,R1,CLASSIC,3,3,36,8544.07,30.9844,1
R1_4_10,400,R1,CLASSIC,4,4,36,8701,31.6719,1
R1_4_10,400,R1,CLASSIC,5,5,36,8729.39,32.2812,1
R1_4_10,400,R1,CLASSIC,6,6,36,8704.9,33.1875,1
R1_4_10,400,R1,CLASSIC,7,7,36,8753.53,31.8281,1
R1_4_10,400,R1,CLASSIC,8,8,36,8763.65,30.7812,1
R1_4_10,400,R1,CLASSIC,9,9,36,8670.62,32.9844,1
R1_4_10,400,R1,CLASSIC,10,10,36,8722.37,32.9375,1
R1_4_10,400,R1,QLEARNING,1,1,36,8478.85,37.7344,1
R1_4_10,400,R1,QLEARNING,2,2,36,8522.3,36.0469,1
R1_4_10,400,R1,QLEARNING,3,3,36,8479.42,38.0156,1
R1_4_10,400,R1,QLEARNING,4,4,36,8494.13,35.7188,1
R1_4_10,400,R1,QLEARNING,5,5,36,8595.64,36.5625,1
R1_4_10,400,R1,QLEARNING,6,6,36,8611.02,36.8125,1
R1_4_10,400,R1,QLEARNING,7,7,36,8436.9,38.5781,1
R1_4_10,400,R1,QLEARNING,8,8,36,8542.13,36.9375,1
R1_4_10,400,R1,QLEARNING,9,9,36,8547.89,38.6875,1
R1_4_10,400,R1,QLEARNING,10,10,36,8424.52,37.4844,1
R2_4_1,400,R2,CLASSIC,1,1,9,9174.81,43.6719,1
R2_4_1,400,R2,CLASSIC,2,2,9,9164.66,44.1406,1
R2_4_1,400,R2,CLASSIC,3,3,9,9172.46,43.8281,1
R2_4_1,400,R2,CLASSIC,4,4,9,9144.38,43.4062,1
R2_4_1,400,R2,CLASSIC,5,5,9,9103.83,43.0625,1
R2_4_1,400,R2,CLASSIC,6,6,9,9194,44.3281,1
R2_4_1,400,R2,CLASSIC,7,7,9,9206.5,43.8594,1
R2_4_1,400,R2,CLASSIC,8,8,9,9173.87,44.3125,1
R2_4_1,400,R2,CLASSIC,9,9,9,9187.49,43.7188,1
R2_4_1,400,R2,CLASSIC,10,10,9,9263.33,43.1719,1
R2_4_1,400,R2,QLEARNING,1,1,9,9271.36,40.3438,1
R2_4_1,400,R2,QLEARNING,2,2,9,9183.02,39.7188,1
R2_4_1,400,R2,QLEARNING,3,3,9,9255.89,42.1094,1
R2_4_1,400,R2,QLEARNING,4,4,9,9280.86,38.3438,1
R2_4_1,400,R2,QLEARNING,5,5,9,9124.69,40.4531,1
R2_4_1,400,R2,QLEARNING,6,6,9,9191.74,39.5156,1
R2_4_1,400,R2,QLEARNING,7,7,9,9054.42,42.5,1
R2_4_1,400,R2,QLEARNING,8,8,9,9166.71,38.3125,1
R2_4_1,400,R2,QLEARNING,9,9,9,9123.04,39.1875,1
R2_4_1,400,R2,QLEARNING,10,10,9,9464.37,41.875,1
R2_4_2,400,R2,CLASSIC,1,1,8,7962.23,57.125,1
R2_4_2,400,R2,CLASSIC,2,2,8,7931.96,59.8906,1
R2_4_2,400,R2,CLASSIC,3,3,8,7960.05,58.9219,1
R2_4_2,400,R2,CLASSIC,4,4,8,7975.11,60.2656,1
R2_4_2,400,R2,CLASSIC,5,5,8,8080.16,59.4062,1
R2_4_2,400,R2,CLASSIC,6,6,8,7987.36,58.5781,1
R2_4_2,400,R2,CLASSIC,7,7,8,7977.31,59.5156,1
R2_4_2,400,R2,CLASSIC,8,8,8,8032.18,61.6719,1
R2_4_2,400,R2,CLASSIC,9,9,8,8156.94,57.4531,1
R2_4_2,400,R2,CLASSIC,10,10,8,7962.92,60,1
R2_4_2,400,R2,QLEARNING,1,1,8,7994.99,60.5625,1
R2_4_2,400,R2,QLEARNING,2,2,8,7973.87,62.8281,1
R2_4_2,400,R2,QLEARNING,3,3,8,8008.65,60.9375,1
R2_4_2,400,R2,QLEARNING,4,4,8,8085.87,60.625,1
R2_4_2,400,R2,QLEARNING,5,5,8,7937.78,59.7344,1
R2_4_2,400,R2,QLEARNING,6,6,8,7845.96,62.3594,1
R2_4_2,400,R2,QLEARNING,7,7,8,8040.48,56.1719,1
R2_4_2,400,R2,QLEARNING,8,8,8,7934.83,60.3281,1
R2_4_2,400,R2,QLEARNING,9,9,8,7914.95,61.3281,1
R2_4_2,400,R2,QLEARNING,10,10,8,8052.78,57.1562,1
R2_4_3,400,R2,CLASSIC,1,1,8,6252.03,65.625,1
R2_4_3,400,R2,CLASSIC,2,2,8,6193.02,66.0469,1
R2_4_3,400,R2,CLASSIC,3,3,8,6278.42,64.9844,1
R2_4_3,400,R2,CLASSIC,4,4,8,6292.21,65.6719,1
R2_4_3,400,R2,CLASSIC,5,5,8,6239.35,65.8594,1
R2_4_3,400,R2,CLASSIC,6,6,8,6338.64,65.2188,1
R2_4_3,400,R2,CLASSIC,7,7,8,6281.31,66.3125,1
R2_4_3,400,R2,CLASSIC,8,8,8,6380.26,65.5156,1
R2_4_3,400,R2,CLASSIC,9,9,8,6218.77,65.1719,1
R2_4_3,400,R2,CLASSIC,10,10,8,6171.96,65.1562,1
R2_4_3,400,R2,QLEARNING,1,1,8,6142.43,69.2969,1
R2_4_3,400,R2,QLEARNING,2,2,8,6437.92,70.625,1
R2_4_3,400,R2,QLEARNING,3,3,8,6287.25,67.2188,1
R2_4_3,400,R2,QLEARNING,4,4,8,6331.31,70.1094,1
R2_4_3,400,R2,QLEARNING,5,5,8,6170.58,72.125,1
R2_4_3,400,R2,QLEARNING,6,6,8,6347.27,68.6875,1
R2_4_3,400,R2,QLEARNING,7,7,8,6215.65,70.2969,1
R2_4_3,400,R2,QLEARNING,8,8,8,6436.58,69.7969,1
R2_4_3,400,R2,QLEARNING,9,9,8,6368.35,70.5156,1
R2_4_3,400,R2,QLEARNING,10,10,8,6386.69,68.1562,1
R2_4_4,400,R2,CLASSIC,1,1,8,4551.66,67.4844,1
R2_4_4,400,R2,CLASSIC,2,2,8,4474.02,67.7969,1
R2_4_4,400,R2,CLASSIC,3,3,8,4586.99,68.0469,1
R2_4_4,400,R2,CLASSIC,4,4,8,4475.76,67.8281,1
R2_4_4,400,R2,CLASSIC,5,5,8,4527.5,67.8906,1
R2_4_4,400,R2,CLASSIC,6,6,8,4460.43,69.25,1
R2_4_4,400,R2,CLASSIC,7,7,8,4420.07,67.5625,1
R2_4_4,400,R2,CLASSIC,8,8,8,4522.11,67.8281,1
R2_4_4,400,R2,CLASSIC,9,9,8,4414.07,68.1719,1
R2_4_4,400,R2,CLASSIC,10,10,8,4521.04,67.8906,1
R2_4_4,400,R2,QLEARNING,1,1,8,4464.69,69.0625,1
R2_4_4,400,R2,QLEARNING,2,2,8,4488.25,68.0312,1
R2_4_4,400,R2,QLEARNING,3,3,8,4502.08,69.0312,1
R2_4_4,400,R2,QLEARNING,4,4,8,4583.33,69.4688,1
R2_4_4,400,R2,QLEARNING,5,5,8,4557,69.5156,1
R2_4_4,400,R2,QLEARNING,6,6,8,4476.69,69,1
R2_4_4,400,R2,QLEARNING,7,7,8,4525.99,68.2812,1
R2_4_4,400,R2,QLEARNING,8,8,8,4643.13,69.2812,1
R2_4_4,400,R2,QLEARNING,9,9,8,4575.63,77.9531,1
R2_4_4,400,R2,QLEARNING,10,10,8,4535.17,69.9375,1
R2_4_5,400,R2,CLASSIC,1,1,8,7574.8,41.125,1
R2_4_5,400,R2,CLASSIC,2,2,8,7382.43,41.0781,1
R2_4_5,400,R2,CLASSIC,3,3,8,7322.61,40.9844,1
R2_4_5,400,R2,CLASSIC,4,4,8,7382.32,40.9531,1
R2_4_5,400,R2,CLASSIC,5,5,8,7387.51,41.2344,1
R2_4_5,400,R2,CLASSIC,6,6,8,7349.12,40.7969,1
R2_4_5,400,R2,CLASSIC,7,7,8,7429.3,41.25,1
R2_4_5,400,R2,CLASSIC,8,8,8,7434.2,41.2188,1
R2_4_5,400,R2,CLASSIC,9,9,8,7455.49,40.9844,1
R2_4_5,400,R2,CLASSIC,10,10,8,7450.63,41,1
R2_4_5,400,R2,QLEARNING,1,1,8,7376.34,37.6562,1
R2_4_5,400,R2,QLEARNING,2,2,8,7458.59,37.3125,1
R2_4_5,400,R2,QLEARNING,3,3,8,7369.34,38.4062,1
R2_4_5,400,R2,QLEARNING,4,4,8,7413,39.8906,1
R2_4_5,400,R2,QLEARNING,5,5,8,7398.85,38.1562,1
R2_4_5,400,R2,QLEARNING,6,6,8,7484.94,39.7969,1
R2_4_5,400,R2,QLEARNING,7,7,8,7451.75,37.5938,1
R2_4_5,400,R2,QLEARNING,8,8,8,7553.6,37.8281,1
R2_4_5,400,R2,QLEARNING,9,9,8,7389.26,37.7812,1
R2_4_5,400,R2,QLEARNING,10,10,8,7448.47,37.4688,1
R2_4_6,400,R2,CLASSIC,1,1,8,6390.13,55.3125,1
R2_4_6,400,R2,CLASSIC,2,2,8,6497.3,55.1562,1
R2_4_6,400,R2,CLASSIC,3,3,8,6477.42,55.6562,1
R2_4_6,400,R2,CLASSIC,4,4,8,6489.82,55.2188,1
R2_4_6,400,R2,CLASSIC,5,5,8,6617.62,54.9844,1
R2_4_6,400,R2,CLASSIC,6,6,8,6366.65,55.5938,1
R2_4_6,400,R2,CLASSIC,7,7,8,6327.57,54.9375,1
R2_4_6,400,R2,CLASSIC,8,8,8,6372.08,55.0156,1
R2_4_6,400,R2,CLASSIC,9,9,8,6353.94,55.4219,1
R2_4_6,400,R2,CLASSIC,10,10,8,6395.01,55.7031,1
R2_4_6,400,R2,QLEARNING,1,1,8,6483.82,60.6406,1
R2_4_6,400,R2,QLEARNING,2,2,8,6484.93,54.4844,1
R2_4_6,400,R2,QLEARNING,3,3,8,6425.66,56.375,1
R2_4_6,400,R2,QLEARNING,4,4,8,6647.14,55.8906,1
R2_4_6,400,R2,QLEARNING,5,5,8,6483.67,58.2344,1
R2_4_6,400,R2,QLEARNING,6,6,8,6528.81,57.5156,1
R2_4_6,400,R2,QLEARNING,7,7,8,6438.88,59.3594,1
R2_4_6,400,R2,QLEARNING,8,8,8,6545.01,58.0781,1
R2_4_6,400,R2,QLEARNING,9,9,8,6436.85,56.7031,1
R2_4_6,400,R2,QLEARNING,10,10,8,6461.48,56.875,1
R2_4_7,400,R2,CLASSIC,1,1,8,5284.25,63.0312,1
R2_4_7,400,R2,CLASSIC,2,2,8,5244.64,63.3594,1
R2_4_7,400,R2,CLASSIC,3,3,8,5317.94,63.5312,1
R2_4_7,400,R2,CLASSIC,4,4,8,5438.73,63.8125,1
R2_4_7,400,R2,CLASSIC,5,5,8,5401.15,63.9688,1
R2_4_7,400,R2,CLASSIC,6,6,8,5254.56,62.9219,1
R2_4_7,400,R2,CLASSIC,7,7,8,5430.8,63.75,1
R2_4_7,400,R2,CLASSIC,8,8,8,5365.49,63.2344,1
R2_4_7,400,R2,CLASSIC,9,9,8,5304.35,63.875,1
R2_4_7,400,R2,CLASSIC,10,10,8,5424.59,64.0312,1
R2_4_7,400,R2,QLEARNING,1,1,8,5414.17,65.2188,1
R2_4_7,400,R2,QLEARNING,2,2,8,5388.88,65.0156,1
R2_4_7,400,R2,QLEARNING,3,3,8,5319.99,66.5469,1
R2_4_7,400,R2,QLEARNING,4,4,8,5315.01,67.6875,1
R2_4_7,400,R2,QLEARNING,5,5,8,5451.03,66.4844,1
R2_4_7,400,R2,QLEARNING,6,6,8,5406.21,64.9062,1
R2_4_7,400,R2,QLEARNING,7,7,8,5305.16,65.2812,1
R2_4_7,400,R2,QLEARNING,8,8,8,5341.18,65.6562,1
R2_4_7,400,R2,QLEARNING,9,9,8,5375.69,64.9844,1
R2_4_7,400,R2,QLEARNING,10,10,8,5394.83,67.6406,1
R2_4_8,400,R2,CLASSIC,1,1,8,4240.43,67.8281,1
R2_4_8,400,R2,CLASSIC,2,2,8,4227.12,66.9062,1
R2_4_8,400,R2,CLASSIC,3,3,8,4235.6,68.25,1
R2_4_8,400,R2,CLASSIC,4,4,8,4211.38,67.1094,1
R2_4_8,400,R2,CLASSIC,5,5,8,4288.19,67.2344,1
R2_4_8,400,R2,CLASSIC,6,6,8,4199.09,67.0469,1
R2_4_8,400,R2,CLASSIC,7,7,8,4221.03,67.2969,1
R2_4_8,400,R2,CLASSIC,8,8,8,4262.85,68.5938,1
R2_4_8,400,R2,CLASSIC,9,9,8,4245.77,67.1406,1
R2_4_8,400,R2,CLASSIC,10,10,8,4198.77,67.5,1
R2_4_8,400,R2,QLEARNING,1,1,8,4275.29,68.375,1
R2_4_8,400,R2,QLEARNING,2,2,8,4446.82,67.4688,1
R2_4_8,400,R2,QLEARNING,3,3,8,4133.54,67.4375,1
R2_4_8,400,R2,QLEARNING,4,4,8,4276.84,66.5156,1
R2_4_8,400,R2,QLEARNING,5,5,8,4247.03,66.5469,1
R2_4_8,400,R2,QLEARNING,6,6,8,4267.18,66.2969,1
R2_4_8,400,R2,QLEARNING,7,7,8,4268.33,67.5625,1
R2_4_8,400,R2,QLEARNING,8,8,8,4229.87,69.2031,1
R2_4_8,400,R2,QLEARNING,9,9,8,4289.83,68.7031,1
R2_4_8,400,R2,QLEARNING,10,10,8,4242.9,68.0469,1
R2_4_9,400,R2,CLASSIC,1,1,8,6806.3,47.1719,1
R2_4_9,400,R2,CLASSIC,2,2,8,6689.9,46.9844,1
R2_4_9,400,R2,CLASSIC,3,3,8,6748.77,47.7812,1
R2_4_9,400,R2,CLASSIC,4,4,8,6627.54,47.7031,1
R2_4_9,400,R2,CLASSIC,5,5,8,6694.89,47.3906,1
R2_4_9,400,R2,CLASSIC,6,6,8,6716.32,46.9688,1
R2_4_9,400,R2,CLASSIC,7,7,8,6656.69,48.3281,1
R2_4_9,400,R2,CLASSIC,8,8,8,6672.7,46.75,1
R2_4_9,400,R2,CLASSIC,9,9,8,6669.6,48.4375,1
R2_4_9,400,R2,CLASSIC,10,10,8,6715.99,46.8125,1
R2_4_9,400,R2,QLEARNING,1,1,8,6654.2,46.6406,1
R2_4_9,400,R2,QLEARNING,2,2,8,6604.88,48.5469,1
R2_4_9,400,R2,QLEARNING,3,3,8,6716.87,48.4531,1
R2_4_9,400,R2,QLEARNING,4,4,8,6753.15,47.75,1
R2_4_9,400,R2,QLEARNING,5,5,8,6695.61,47,1
R2_4_9,400,R2,QLEARNING,6,6,8,6675.42,48.3906,1
R2_4_9,400,R2,QLEARNING,7,7,8,6798.45,49.5,1
R2_4_9,400,R2,QLEARNING,8,8,8,6641.68,46.9375,1
R2_4_9,400,R2,QLEARNING,9,9,8,6888.22,46.625,1
R2_4_9,400,R2,QLEARNING,10,10,8,6759.54,48.2188,1
R2_4_10,400,R2,CLASSIC,1,1,8,6035.74,47.0312,1
R2_4_10,400,R2,CLASSIC,2,2,8,6117.79,47.0625,1
R2_4_10,400,R2,CLASSIC,3,3,8,6068.2,47.0938,1
R2_4_10,400,R2,CLASSIC,4,4,8,6076.52,47.6719,1
R2_4_10,400,R2,CLASSIC,5,5,8,6052.45,48.0469,1
R2_4_10,400,R2,CLASSIC,6,6,8,5991.54,47.1562,1
R2_4_10,400,R2,CLASSIC,7,7,8,5978.95,47.7188,1
R2_4_10,400,R2,CLASSIC,8,8,8,6064.11,47.5781,1
R2_4_10,400,R2,CLASSIC,9,9,8,6074.92,47.8125,1
R2_4_10,400,R2,CLASSIC,10,10,8,6009.1,46.9531,1
R2_4_10,400,R2,QLEARNING,1,1,8,6049.39,46.9062,1
R2_4_10,400,R2,QLEARNING,2,2,8,6051.58,48.5,1
R2_4_10,400,R2,QLEARNING,3,3,8,6127.77,47.2031,1
R2_4_10,400,R2,QLEARNING,4,4,8,6047.06,46.875,1
R2_4_10,400,R2,QLEARNING,5,5,8,6004.24,49.3906,1
R2_4_10,400,R2,QLEARNING,6,6,8,6147.31,47.2344,1
R2_4_10,400,R2,QLEARNING,7,7,8,6058.23,46.7188,1
R2_4_10,400,R2,QLEARNING,8,8,8,6078.6,46.4219,1
R2_4_10,400,R2,QLEARNING,9,9,8,6064.7,47.4375,1
R2_4_10,400,R2,QLEARNING,10,10,8,6100.97,48.5781,1
RC1_4_1,400,RC1,CLASSIC,1,1,38,8794.29,38.4531,1
RC1_4_1,400,RC1,CLASSIC,2,2,38,8734.49,38.375,1
RC1_4_1,400,RC1,CLASSIC,3,3,37,8790.57,38.2188,1
RC1_4_1,400,RC1,CLASSIC,4,4,38,8761,39.3438,1
RC1_4_1,400,RC1,CLASSIC,5,5,37,8736.45,37.9531,1
RC1_4_1,400,RC1,CLASSIC,6,6,38,8773.15,39.0156,1
RC1_4_1,400,RC1,CLASSIC,7,7,38,8762.32,37.8906,1
RC1_4_1,400,RC1,CLASSIC,8,8,38,8731.13,37.5781,1
RC1_4_1,400,RC1,CLASSIC,9,9,38,8749.2,38.6094,1
RC1_4_1,400,RC1,CLASSIC,10,10,37,8785.5,37.625,1
RC1_4_1,400,RC1,QLEARNING,1,1,37,8720.82,38.9219,1
RC1_4_1,400,RC1,QLEARNING,2,2,38,8764.4,41.7188,1
RC1_4_1,400,RC1,QLEARNING,3,3,38,8833.22,39.4375,1
RC1_4_1,400,RC1,QLEARNING,4,4,37,8792.81,39.0938,1
RC1_4_1,400,RC1,QLEARNING,5,5,37,8707.97,39.4219,1
RC1_4_1,400,RC1,QLEARNING,6,6,37,8795.17,39.5312,1
RC1_4_1,400,RC1,QLEARNING,7,7,37,8740.68,40.9688,1
RC1_4_1,400,RC1,QLEARNING,8,8,37,8697.83,41.3594,1
RC1_4_1,400,RC1,QLEARNING,9,9,37,8981.26,37.4844,1
RC1_4_1,400,RC1,QLEARNING,10,10,37,8771.42,39.1875,1
RC1_4_2,400,RC1,CLASSIC,1,1,37,8265.97,50.6719,1
RC1_4_2,400,RC1,CLASSIC,2,2,37,8249.2,50.9844,1
RC1_4_2,400,RC1,CLASSIC,3,3,37,8269.52,50.8125,1
RC1_4_2,400,RC1,CLASSIC,4,4,37,8251.37,51.5312,1
RC1_4_2,400,RC1,CLASSIC,5,5,37,8146.94,50.8125,1
RC1_4_2,400,RC1,CLASSIC,6,6,37,8245.33,51.625,1
RC1_4_2,400,RC1,CLASSIC,7,7,37,8162.13,51.1406,1
RC1_4_2,400,RC1,CLASSIC,8,8,37,8282.05,51.5469,1
RC1_4_2,400,RC1,CLASSIC,9,9,37,8207.27,51.6562,1
RC1_4_2,400,RC1,CLASSIC,10,10,37,8354.88,51.3906,1
RC1_4_2,400,RC1,QLEARNING,1,1,37,8177.25,50.125,1
RC1_4_2,400,RC1,QLEARNING,2,2,37,8176.9,50.8594,1
RC1_4_2,400,RC1,QLEARNING,3,3,37,8209.59,49.6094,1
RC1_4_2,400,RC1,QLEARNING,4,4,37,8118.58,51.1406,1
RC1_4_2,400,RC1,QLEARNING,5,5,37,8137.11,50.3438,1
RC1_4_2,400,RC1,QLEARNING,6,6,37,8086.01,51.5,1
RC1_4_2,400,RC1,QLEARNING,7,7,37,8085.99,51.6719,1
RC1_4_2,400,RC1,QLEARNING,8,8,37,8132.29,51,1
RC1_4_2,400,RC1,QLEARNING,9,9,37,8210.27,51.4375,1
RC1_4_2,400,RC1,QLEARNING,10,10,37,8104.98,50.1562,1
RC1_4_3,400,RC1,CLASSIC,1,1,37,7885.09,53.8438,1
RC1_4_3,400,RC1,CLASSIC,2,2,36,8083.25,52.2812,1
RC1_4_3,400,RC1,CLASSIC,3,3,37,7876.7,53.7656,1
RC1_4_3,400,RC1,CLASSIC,4,4,37,7859.02,53.7812,1
RC1_4_3,400,RC1,CLASSIC,5,5,36,8214.12,51.5156,1
RC1_4_3,400,RC1,CLASSIC,6,6,37,7847.29,54.8438,1
RC1_4_3,400,RC1,CLASSIC,7,7,37,7855.77,54.6562,1
RC1_4_3,400,RC1,CLASSIC,8,8,37,7763.13,54.0625,1
RC1_4_3,400,RC1,CLASSIC,9,9,37,7789.08,53.3906,1
RC1_4_3,400,RC1,CLASSIC,10,10,36,8187.49,51.9688,1
RC1_4_3,400,RC1,QLEARNING,1,1,36,7993.63,47.5469,1
RC1_4_3,400,RC1,QLEARNING,2,2,36,7978.86,49.7031,1
RC1_4_3,400,RC1,QLEARNING,3,3,36,7725.72,53.3281,1
RC1_4_3,400,RC1,QLEARNING,4,4,36,7979.92,47.5,1
RC1_4_3,400,RC1,QLEARNING,5,5,36,7827.34,47.1875,1
RC1_4_3,400,RC1,QLEARNING,6,6,36,7851.38,52.7656,1
RC1_4_3,400,RC1,QLEARNING,7,7,37,7784.03,53.8125,1
RC1_4_3,400,RC1,QLEARNING,8,8,36,8086.25,55.4531,1
RC1_4_3,400,RC1,QLEARNING,9,9,36,7788.03,50.3281,1
RC1_4_3,400,RC1,QLEARNING,10,10,36,7815.38,52.9375,1
RC1_4_4,400,RC1,CLASSIC,1,1,36,7663.73,34.875,1
RC1_4_4,400,RC1,CLASSIC,2,2,36,7764.99,40.9688,1
RC1_4_4,400,RC1,CLASSIC,3,3,36,7684.45,33.0312,1
RC1_4_4,400,RC1,CLASSIC,4,4,36,7684.34,32.7812,1
RC1_4_4,400,RC1,CLASSIC,5,5,36,7595.05,35.125,1
RC1_4_4,400,RC1,CLASSIC,6,6,36,7790.94,39.5,1
RC1_4_4,400,RC1,CLASSIC,7,7,36,7601.48,35.875,1
RC1_4_4,400,RC1,CLASSIC,8,8,36,7800.97,39.2344,1
RC1_4_4,400,RC1,CLASSIC,9,9,36,7704.64,39.3594,1
RC1_4_4,400,RC1,CLASSIC,10,10,36,7645.45,32.8906,1
RC1_4_4,400,RC1,QLEARNING,1,1,36,7618,41.9688,1
RC1_4_4,400,RC1,QLEARNING,2,2,36,7607.8,42.5781,1
RC1_4_4,400,RC1,QLEARNING,3,3,36,7586.82,42.5938,1
RC1_4_4,400,RC1,QLEARNING,4,4,36,7644.13,41.4219,1
RC1_4_4,400,RC1,QLEARNING,5,5,36,7586.56,42.9062,1
RC1_4_4,400,RC1,QLEARNING,6,6,36,7599.61,41.8125,1
RC1_4_4,400,RC1,QLEARNING,7,7,36,7645.18,41.3594,1
RC1_4_4,400,RC1,QLEARNING,8,8,36,7579.3,41.5,1
RC1_4_4,400,RC1,QLEARNING,9,9,36,7605.03,42,1
RC1_4_4,400,RC1,QLEARNING,10,10,36,7579.53,42.5781,1
RC1_4_5,400,RC1,CLASSIC,1,1,37,8601.25,41.4531,1
RC1_4_5,400,RC1,CLASSIC,2,2,37,8504.21,40.1562,1
RC1_4_5,400,RC1,CLASSIC,3,3,37,8575.89,41.1562,1
RC1_4_5,400,RC1,CLASSIC,4,4,37,8482.09,41.0312,1
RC1_4_5,400,RC1,CLASSIC,5,5,37,8384.57,42.125,1
RC1_4_5,400,RC1,CLASSIC,6,6,37,8538.66,41.3125,1
RC1_4_5,400,RC1,CLASSIC,7,7,37,8488.61,40.2344,1
RC1_4_5,400,RC1,CLASSIC,8,8,37,8588.24,41.7188,1
RC1_4_5,400,RC1,CLASSIC,9,9,37,8422.46,41.3125,1
RC1_4_5,400,RC1,CLASSIC,10,10,37,8516.16,41.1719,1
RC1_4_5,400,RC1,QLEARNING,1,1,37,8453.43,39.7031,1
RC1_4_5,400,RC1,QLEARNING,2,2,37,8455,38.2031,1
RC1_4_5,400,RC1,QLEARNING,3,3,37,8347.29,39.8125,1
RC1_4_5,400,RC1,QLEARNING,4,4,37,8456.17,38.8281,1
RC1_4_5,400,RC1,QLEARNING,5,5,37,8353.49,39.5938,1
RC1_4_5,400,RC1,QLEARNING,6,6,37,8442.05,38.7812,1
RC1_4_5,400,RC1,QLEARNING,7,7,37,8430.36,38.8125,1
RC1_4_5,400,RC1,QLEARNING,8,8,37,8424.73,38.0625,1
RC1_4_5,400,RC1,QLEARNING,9,9,37,8492.46,38.7969,1
RC1_4_5,400,RC1,QLEARNING,10,10,37,8435.99,37.8594,1
RC1_4_6,400,RC1,CLASSIC,1,1,37,8453.83,39.8438,1
RC1_4_6,400,RC1,CLASSIC,2,2,37,8580.8,39.0781,1
RC1_4_6,400,RC1,CLASSIC,3,3,37,8532.03,38.6875,1
RC1_4_6,400,RC1,CLASSIC,4,4,37,8428.38,38.6719,1
RC1_4_6,400,RC1,CLASSIC,5,5,37,8419.01,38.7344,1
RC1_4_6,400,RC1,CLASSIC,6,6,37,8513.04,39.4375,1
RC1_4_6,400,RC1,CLASSIC,7,7,37,8420.32,40.3594,1
RC1_4_6,400,RC1,CLASSIC,8,8,37,8479.14,38.5156,1
RC1_4_6,400,RC1,CLASSIC,9,9,37,8542.94,39.0156,1
RC1_4_6,400,RC1,CLASSIC,10,10,37,8526.85,39.4375,1
RC1_4_6,400,RC1,QLEARNING,1,1,37,8378.74,37.9375,1
RC1_4_6,400,RC1,QLEARNING,2,2,37,8410.95,37.4219,1
RC1_4_6,400,RC1,QLEARNING,3,3,37,8457.39,36.0312,1
RC1_4_6,400,RC1,QLEARNING,4,4,37,8480.08,36.0781,1
RC1_4_6,400,RC1,QLEARNING,5,5,37,8547.64,36.0156,1
RC1_4_6,400,RC1,QLEARNING,6,6,37,8414.28,36.6406,1
RC1_4_6,400,RC1,QLEARNING,7,7,37,8518.79,37.2031,1
RC1_4_6,400,RC1,QLEARNING,8,8,37,8433.1,37.0938,1
RC1_4_6,400,RC1,QLEARNING,9,9,37,8417.23,37.6406,1
RC1_4_6,400,RC1,QLEARNING,10,10,37,8381.42,37.2656,1
RC1_4_7,400,RC1,CLASSIC,1,1,37,8225.04,41.6094,1
RC1_4_7,400,RC1,CLASSIC,2,2,37,8284.67,40.7188,1
RC1_4_7,400,RC1,CLASSIC,3,3,37,8335.76,40.4062,1
RC1_4_7,400,RC1,CLASSIC,4,4,37,8337.1,42.2656,1
RC1_4_7,400,RC1,CLASSIC,5,5,37,8229.56,41.6875,1
RC1_4_7,400,RC1,CLASSIC,6,6,37,8356.97,41.4531,1
RC1_4_7,400,RC1,CLASSIC,7,7,37,8279.76,41.9062,1
RC1_4_7,400,RC1,CLASSIC,8,8,37,8241.55,40.9062,1
RC1_4_7,400,RC1,CLASSIC,9,9,37,8280.03,41.9375,1
RC1_4_7,400,RC1,CLASSIC,10,10,37,8359.99,41.4219,1
RC1_4_7,400,RC1,QLEARNING,1,1,37,8127.63,39.2188,1
RC1_4_7,400,RC1,QLEARNING,2,2,37,8261.7,39.875,1
RC1_4_7,400,RC1,QLEARNING,3,3,37,8178.31,39.2656,1
RC1_4_7,400,RC1,QLEARNING,4,4,37,8248.6,39.0781,1
RC1_4_7,400,RC1,QLEARNING,5,5,37,8178.82,38.6875,1
RC1_4_7,400,RC1,QLEARNING,6,6,37,8196.48,39.3438,1
RC1_4_7,400,RC1,QLEARNING,7,7,37,8149.84,37.5625,1
RC1_4_7,400,RC1,QLEARNING,8,8,37,8336.03,38.3125,1
RC1_4_7,400,RC1,QLEARNING,9,9,37,8159.38,38.7812,1
RC1_4_7,400,RC1,QLEARNING,10,10,37,8333.56,37.7031,1
RC1_4_8,400,RC1,CLASSIC,1,1,37,8119.67,40.8906,1
RC1_4_8,400,RC1,CLASSIC,2,2,37,8090.75,41.4062,1
RC1_4_8,400,RC1,CLASSIC,3,3,37,8186.6,40.7344,1
RC1_4_8,400,RC1,CLASSIC,4,4,37,8182.54,42.0312,1
RC1_4_8,400,RC1,CLASSIC,5,5,37,8114.39,42.1094,1
RC1_4_8,400,RC1,CLASSIC,6,6,37,8115.23,40.9062,1
RC1_4_8,400,RC1,CLASSIC,7,7,37,8083.78,41.1094,1
RC1_4_8,400,RC1,CLASSIC,8,8,37,8098.98,40.7031,1
RC1_4_8,400,RC1,CLASSIC,9,9,37,8064.44,40.8438,1
RC1_4_8,400,RC1,CLASSIC,10,10,37,8081.48,40.6562,1
RC1_4_8,400,RC1,QLEARNING,1,1,37,7980.2,38.9375,1
RC1_4_8,400,RC1,QLEARNING,2,2,37,8058.44,38.9844,1
RC1_4_8,400,RC1,QLEARNING,3,3,37,7980.84,38.9844,1
RC1_4_8,400,RC1,QLEARNING,4,4,37,7997.04,40.2344,1
RC1_4_8,400,RC1,QLEARNING,5,5,37,7982.51,39.2969,1
RC1_4_8,400,RC1,QLEARNING,6,6,37,8068.55,37.875,1
RC1_4_8,400,RC1,QLEARNING,7,7,37,8144.35,37.8906,1
RC1_4_8,400,RC1,QLEARNING,8,8,37,8033.93,37.625,1
RC1_4_8,400,RC1,QLEARNING,9,9,37,8035.57,38.5312,1
RC1_4_8,400,RC1,QLEARNING,10,10,37,7986.17,38.5,1
RC1_4_9,400,RC1,CLASSIC,1,1,37,8062.84,39.4219,1
RC1_4_9,400,RC1,CLASSIC,2,2,37,8076.85,39.2031,1
RC1_4_9,400,RC1,CLASSIC,3,3,37,8026.71,39.0781,1
RC1_4_9,400,RC1,CLASSIC,4,4,37,8058.28,39.875,1
RC1_4_9,400,RC1,CLASSIC,5,5,37,7968.93,38.9375,1
RC1_4_9,400,RC1,CLASSIC,6,6,37,8088.09,39.1562,1
RC1_4_9,400,RC1,CLASSIC,7,7,37,8038.92,39.3594,1
RC1_4_9,400,RC1,CLASSIC,8,8,37,7983.7,39.25,1
RC1_4_9,400,RC1,CLASSIC,9,9,37,8022.49,38.8125,1
RC1_4_9,400,RC1,CLASSIC,10,10,37,7984.26,38.7344,1
RC1_4_9,400,RC1,QLEARNING,1,1,37,7897.35,37.4844,1
RC1_4_9,400,RC1,QLEARNING,2,2,36,8557.6,36.875,1
RC1_4_9,400,RC1,QLEARNING,3,3,37,7885.07,38.2656,1
RC1_4_9,400,RC1,QLEARNING,4,4,37,7910.89,37.3281,1
RC1_4_9,400,RC1,QLEARNING,5,5,36,8267.96,37.1562,1
RC1_4_9,400,RC1,QLEARNING,6,6,36,8245.34,35.8281,1
RC1_4_9,400,RC1,QLEARNING,7,7,37,7951.8,37.6719,1
RC1_4_9,400,RC1,QLEARNING,8,8,37,7951.42,37.5469,1
RC1_4_9,400,RC1,QLEARNING,9,9,37,7916.47,37.8906,1
RC1_4_9,400,RC1,QLEARNING,10,10,37,7902.29,38.4219,1
RC1_4_10,400,RC1,CLASSIC,1,1,37,7861.21,40.625,1
RC1_4_10,400,RC1,CLASSIC,2,2,37,7888.79,41.2344,1
RC1_4_10,400,RC1,CLASSIC,3,3,37,7887.3,40.625,1
RC1_4_10,400,RC1,CLASSIC,4,4,37,7865.15,40.6719,1
RC1_4_10,400,RC1,CLASSIC,5,5,37,7790.36,40.4844,1
RC1_4_10,400,RC1,CLASSIC,6,6,37,7883.04,40.9844,1
RC1_4_10,400,RC1,CLASSIC,7,7,37,7865.32,40.9062,1
RC1_4_10,400,RC1,CLASSIC,8,8,37,7822.08,40.2031,1
RC1_4_10,400,RC1,CLASSIC,9,9,37,7875.59,40.8281,1
RC1_4_10,400,RC1,CLASSIC,10,10,37,7838.31,40.8594,1
RC1_4_10,400,RC1,QLEARNING,1,1,36,7938.6,35.1875,1
RC1_4_10,400,RC1,QLEARNING,2,2,36,8518.51,39.6719,1
RC1_4_10,400,RC1,QLEARNING,3,3,37,7795.6,40.2656,1
RC1_4_10,400,RC1,QLEARNING,4,4,37,7790.88,39.8438,1
RC1_4_10,400,RC1,QLEARNING,5,5,36,8052.19,36.625,1
RC1_4_10,400,RC1,QLEARNING,6,6,36,8161.39,40.2969,1
RC1_4_10,400,RC1,QLEARNING,7,7,36,7768.89,39.7656,1
RC1_4_10,400,RC1,QLEARNING,8,8,36,7888.31,38.4844,1
RC1_4_10,400,RC1,QLEARNING,9,9,37,7788.07,39.6406,1
RC1_4_10,400,RC1,QLEARNING,10,10,36,7859.79,40.1406,1
RC2_4_1,400,RC2,CLASSIC,1,1,13,6645.66,45.6094,1
RC2_4_1,400,RC2,CLASSIC,2,2,13,6773.79,45.5312,1
RC2_4_1,400,RC2,CLASSIC,3,3,13,6548.6,45.2969,1
RC2_4_1,400,RC2,CLASSIC,4,4,13,6623.43,44.9375,1
RC2_4_1,400,RC2,CLASSIC,5,5,13,6577.34,44.9219,1
RC2_4_1,400,RC2,CLASSIC,6,6,13,6647.36,45.9531,1
RC2_4_1,400,RC2,CLASSIC,7,7,13,6617.49,46.2031,1
RC2_4_1,400,RC2,CLASSIC,8,8,13,6574.46,46.2031,1
RC2_4_1,400,RC2,CLASSIC,9,9,13,6652.83,44.1719,1
RC2_4_1,400,RC2,CLASSIC,10,10,13,6647.06,44.1562,1
RC2_4_1,400,RC2,QLEARNING,1,1,13,6538.39,46.5469,1
RC2_4_1,400,RC2,QLEARNING,2,2,13,6655.78,42.1875,1
RC2_4_1,400,RC2,QLEARNING,3,3,13,6644.98,43.0938,1
RC2_4_1,400,RC2,QLEARNING,4,4,13,6631,46.7188,1
RC2_4_1,400,RC2,QLEARNING,5,5,13,6660.45,43.6719,1
RC2_4_1,400,RC2,QLEARNING,6,6,13,6512.07,42.7656,1
RC2_4_1,400,RC2,QLEARNING,7,7,13,6676.76,43.25,1
RC2_4_1,400,RC2,QLEARNING,8,8,13,6657.96,43.1562,1
RC2_4_1,400,RC2,QLEARNING,9,9,13,6712.27,45.0625,1
RC2_4_1,400,RC2,QLEARNING,10,10,12,6806.1,42.1719,1
RC2_4_2,400,RC2,CLASSIC,1,1,12,5790.82,57.5781,1
RC2_4_2,400,RC2,CLASSIC,2,2,11,6092.4,57.2031,1
RC2_4_2,400,RC2,CLASSIC,3,3,11,6120.54,55.8906,1
RC2_4_2,400,RC2,CLASSIC,4,4,11,6039.73,57.75,1
RC2_4_2,400,RC2,CLASSIC,5,5,12,5843.33,62.5625,1
RC2_4_2,400,RC2,CLASSIC,6,6,11,6013.43,60.6406,1
RC2_4_2,400,RC2,CLASSIC,7,7,11,6061.03,57.8125,1
RC2_4_2,400,RC2,CLASSIC,8,8,12,5745.62,61.5625,1
RC2_4_2,400,RC2,CLASSIC,9,9,12,5950.15,57.9062,1
RC2_4_2,400,RC2,CLASSIC,10,10,12,5890.39,60.6719,1
RC2_4_2,400,RC2,QLEARNING,1,1,11,6133.56,61.6094,1
RC2_4_2,400,RC2,QLEARNING,2,2,11,6025.59,58.7969,1
RC2_4_2,400,RC2,QLEARNING,3,3,12,5727.49,58.9688,1
RC2_4_2,400,RC2,QLEARNING,4,4,11,6192.97,61.4375,1
RC2_4_2,400,RC2,QLEARNING,5,5,11,6030.95,59.1875,1
RC2_4_2,400,RC2,QLEARNING,6,6,11,6014.48,59.4688,1
RC2_4_2,400,RC2,QLEARNING,7,7,11,6099.22,61.9375,1
RC2_4_2,400,RC2,QLEARNING,8,8,10,6343.8,55.2812,1
RC2_4_2,400,RC2,QLEARNING,9,9,11,6012.05,62.6562,1
RC2_4_2,400,RC2,QLEARNING,10,10,12,5757.81,60.7344,1
RC2_4_3,400,RC2,CLASSIC,1,1,9,5118.1,63.0781,1
RC2_4_3,400,RC2,CLASSIC,2,2,9,5237.54,63.4531,1
RC2_4_3,400,RC2,CLASSIC,3,3,9,5069.95,63.0625,1
RC2_4_3,400,RC2,CLASSIC,4,4,9,5136.98,64.0625,1
RC2_4_3,400,RC2,CLASSIC,5,5,9,5346.13,67.0312,1
RC2_4_3,400,RC2,CLASSIC,6,6,9,5068.8,63.4844,1
RC2_4_3,400,RC2,CLASSIC,7,7,9,5182.65,63.2656,1
RC2_4_3,400,RC2,CLASSIC,8,8,9,4958.78,63.4688,1
RC2_4_3,400,RC2,CLASSIC,9,9,9,5233.78,62.8125,1
RC2_4_3,400,RC2,CLASSIC,10,10,9,5097.69,63.4844,1
RC2_4_3,400,RC2,QLEARNING,1,1,8,5261.05,68.3125,1
RC2_4_3,400,RC2,QLEARNING,2,2,9,5006.16,67.3438,1
RC2_4_3,400,RC2,QLEARNING,3,3,9,5195.03,66.1562,1
RC2_4_3,400,RC2,QLEARNING,4,4,9,5035.14,60.875,1
RC2_4_3,400,RC2,QLEARNING,5,5,9,4972.06,67.4844,1
RC2_4_3,400,RC2,QLEARNING,6,6,9,5034.83,65.1875,1
RC2_4_3,400,RC2,QLEARNING,7,7,9,5112.76,64.8281,1
RC2_4_3,400,RC2,QLEARNING,8,8,9,5088.76,62.8125,1
RC2_4_3,400,RC2,QLEARNING,9,9,9,5193.32,67.5469,1
RC2_4_3,400,RC2,QLEARNING,10,10,9,5236.88,61.5,1
RC2_4_4,400,RC2,CLASSIC,1,1,8,3882.97,65.0938,1
RC2_4_4,400,RC2,CLASSIC,2,2,8,3812.42,65.6094,1
RC2_4_4,400,RC2,CLASSIC,3,3,8,3865.16,65.4688,1
RC2_4_4,400,RC2,CLASSIC,4,4,8,3821.95,65.625,1
RC2_4_4,400,RC2,CLASSIC,5,5,8,3966.28,66.8125,1
RC2_4_4,400,RC2,CLASSIC,6,6,8,3931.58,65.4844,1
RC2_4_4,400,RC2,CLASSIC,7,7,8,3980.3,65.2188,1
RC2_4_4,400,RC2,CLASSIC,8,8,8,3871.49,65.0469,1
RC2_4_4,400,RC2,CLASSIC,9,9,8,3830.7,65.6406,1
RC2_4_4,400,RC2,CLASSIC,10,10,8,3891.92,65.6875,1
RC2_4_4,400,RC2,QLEARNING,1,1,8,4099.6,67.3594,1
RC2_4_4,400,RC2,QLEARNING,2,2,8,3763.51,67.5469,1
RC2_4_4,400,RC2,QLEARNING,3,3,8,3788.03,67.4531,1
RC2_4_4,400,RC2,QLEARNING,4,4,8,3891.26,66.4062,1
RC2_4_4,400,RC2,QLEARNING,5,5,8,3771.65,67.75,1
RC2_4_4,400,RC2,QLEARNING,6,6,8,3914.65,66.5625,1
RC2_4_4,400,RC2,QLEARNING,7,7,8,3725.63,67.5,1
RC2_4_4,400,RC2,QLEARNING,8,8,8,4085.8,66.3594,1
RC2_4_4,400,RC2,QLEARNING,9,9,8,3905.64,66.3594,1
RC2_4_4,400,RC2,QLEARNING,10,10,8,3990.65,69.0938,1
RC2_4_5,400,RC2,CLASSIC,1,1,11,5830.91,52.875,1
RC2_4_5,400,RC2,CLASSIC,2,2,11,5810.64,50.4844,1
RC2_4_5,400,RC2,CLASSIC,3,3,11,5852.28,52.4062,1
RC2_4_5,400,RC2,CLASSIC,4,4,11,5832.88,52.5938,1
RC2_4_5,400,RC2,CLASSIC,5,5,11,5863.07,53.1875,1
RC2_4_5,400,RC2,CLASSIC,6,6,10,6086.46,51.7031,1
RC2_4_5,400,RC2,CLASSIC,7,7,11,5842.92,53.2656,1
RC2_4_5,400,RC2,CLASSIC,8,8,11,5880.91,51.0781,1
RC2_4_5,400,RC2,CLASSIC,9,9,11,5922.38,53.3906,1
RC2_4_5,400,RC2,CLASSIC,10,10,11,5884.79,53.2031,1
RC2_4_5,400,RC2,QLEARNING,1,1,11,5758.43,54.1719,1
RC2_4_5,400,RC2,QLEARNING,2,2,11,6003.96,54.4219,1
RC2_4_5,400,RC2,QLEARNING,3,3,11,6001.64,54.8594,1
RC2_4_5,400,RC2,QLEARNING,4,4,10,6092.41,51.7969,1
RC2_4_5,400,RC2,QLEARNING,5,5,11,5869.78,57.5625,1
RC2_4_5,400,RC2,QLEARNING,6,6,11,5844.99,53.8125,1
RC2_4_5,400,RC2,QLEARNING,7,7,11,5838.66,56.8906,1
RC2_4_5,400,RC2,QLEARNING,8,8,11,5692.76,52.9844,1
RC2_4_5,400,RC2,QLEARNING,9,9,11,5842.02,54.375,1
RC2_4_5,400,RC2,QLEARNING,10,10,10,6103.11,53.5938,1
RC2_4_6,400,RC2,CLASSIC,1,1,10,5686.83,45.875,1
RC2_4_6,400,RC2,CLASSIC,2,2,10,5661.95,46.5,1
RC2_4_6,400,RC2,CLASSIC,3,3,10,5762.83,46.0312,1
RC2_4_6,400,RC2,CLASSIC,4,4,10,5737.65,45.9062,1
RC2_4_6,400,RC2,CLASSIC,5,5,10,5865.42,46.1719,1
RC2_4_6,400,RC2,CLASSIC,6,6,10,5660,45.5469,1
RC2_4_6,400,RC2,CLASSIC,7,7,10,5715.86,46.0312,1
RC2_4_6,400,RC2,CLASSIC,8,8,10,5725.64,46.6094,1
RC2_4_6,400,RC2,CLASSIC,9,9,10,5752.68,46.625,1
RC2_4_6,400,RC2,CLASSIC,10,10,10,5660.06,46.6094,1
RC2_4_6,400,RC2,QLEARNING,1,1,10,5743.68,44.6094,1
RC2_4_6,400,RC2,QLEARNING,2,2,10,5726.62,47.7656,1
RC2_4_6,400,RC2,QLEARNING,3,3,10,5713.12,44.5938,1
RC2_4_6,400,RC2,QLEARNING,4,4,10,5662.86,46.5938,1
RC2_4_6,400,RC2,QLEARNING,5,5,9,6012.92,43.625,1
RC2_4_6,400,RC2,QLEARNING,6,6,10,5732.69,47.1406,1
RC2_4_6,400,RC2,QLEARNING,7,7,10,5723.25,48.4844,1
RC2_4_6,400,RC2,QLEARNING,8,8,10,5832.65,46.5469,1
RC2_4_6,400,RC2,QLEARNING,9,9,10,5850.12,45.875,1
RC2_4_6,400,RC2,QLEARNING,10,10,10,5797.04,45.875,1
RC2_4_7,400,RC2,CLASSIC,1,1,9,5612.31,51.8438,1
RC2_4_7,400,RC2,CLASSIC,2,2,9,5530.68,52.4688,1
RC2_4_7,400,RC2,CLASSIC,3,3,9,5508.07,51.25,1
RC2_4_7,400,RC2,CLASSIC,4,4,9,5489.61,50.7969,1
RC2_4_7,400,RC2,CLASSIC,5,5,9,5402.12,50.2344,1
RC2_4_7,400,RC2,CLASSIC,6,6,9,5439.52,52.6719,1
RC2_4_7,400,RC2,CLASSIC,7,7,9,5489.96,51.1406,1
RC2_4_7,400,RC2,CLASSIC,8,8,9,5604.55,51.5312,1
RC2_4_7,400,RC2,CLASSIC,9,9,9,5548.63,52.0156,1
RC2_4_7,400,RC2,CLASSIC,10,10,9,5479.15,50.6094,1
RC2_4_7,400,RC2,QLEARNING,1,1,9,5479.64,55.7812,1
RC2_4_7,400,RC2,QLEARNING,2,2,9,5481.55,50.4062,1
RC2_4_7,400,RC2,QLEARNING,3,3,9,5537.59,51.7812,1
RC2_4_7,400,RC2,QLEARNING,4,4,8,5863.67,53.9219,1
RC2_4_7,400,RC2,QLEARNING,5,5,9,5553.35,57.0625,1
RC2_4_7,400,RC2,QLEARNING,6,6,9,5463.66,57.3906,1
RC2_4_7,400,RC2,QLEARNING,7,7,9,5599.23,54.0781,1
RC2_4_7,400,RC2,QLEARNING,8,8,9,5421.89,49.125,1
RC2_4_7,400,RC2,QLEARNING,9,9,9,5565.44,52.0938,1
RC2_4_7,400,RC2,QLEARNING,10,10,9,5603.38,52.1719,1
RC2_4_8,400,RC2,CLASSIC,1,1,8,5049.31,51.2188,1
RC2_4_8,400,RC2,CLASSIC,2,2,8,5116.02,51.2188,1
RC2_4_8,400,RC2,CLASSIC,3,3,8,5081.72,50.875,1
RC2_4_8,400,RC2,CLASSIC,4,4,8,5115.15,51.5156,1
RC2_4_8,400,RC2,CLASSIC,5,5,8,5028.04,51.375,1
RC2_4_8,400,RC2,CLASSIC,6,6,8,5145.77,51.3438,1
RC2_4_8,400,RC2,CLASSIC,7,7,8,5108.47,51.1875,1
RC2_4_8,400,RC2,CLASSIC,8,8,8,5111.74,51.1562,1
RC2_4_8,400,RC2,CLASSIC,9,9,8,5069.24,51.625,1
RC2_4_8,400,RC2,CLASSIC,10,10,8,5130.18,51.2031,1
RC2_4_8,400,RC2,QLEARNING,1,1,8,5069.19,51.6094,1
RC2_4_8,400,RC2,QLEARNING,2,2,8,5278.07,50.625,1
RC2_4_8,400,RC2,QLEARNING,3,3,8,5108.5,52.9844,1
RC2_4_8,400,RC2,QLEARNING,4,4,8,5209.58,54.4688,1
RC2_4_8,400,RC2,QLEARNING,5,5,8,5075.82,50.9219,1
RC2_4_8,400,RC2,QLEARNING,6,6,8,5286.6,52.6094,1
RC2_4_8,400,RC2,QLEARNING,7,7,8,5051.4,53.6719,1
RC2_4_8,400,RC2,QLEARNING,8,8,8,5157.26,53.6406,1
RC2_4_8,400,RC2,QLEARNING,9,9,8,4966.9,53.4375,1
RC2_4_8,400,RC2,QLEARNING,10,10,8,5108.64,54.8281,1
RC2_4_9,400,RC2,CLASSIC,1,1,8,4769.51,48.8125,1
RC2_4_9,400,RC2,CLASSIC,2,2,8,4840.39,49.0469,1
RC2_4_9,400,RC2,CLASSIC,3,3,8,4878.78,48.9844,1
RC2_4_9,400,RC2,CLASSIC,4,4,8,4801.47,48.8438,1
RC2_4_9,400,RC2,CLASSIC,5,5,8,5018.4,49.3281,1
RC2_4_9,400,RC2,CLASSIC,6,6,8,4983.16,48.9219,1
RC2_4_9,400,RC2,CLASSIC,7,7,8,4861.03,48.7344,1
RC2_4_9,400,RC2,CLASSIC,8,8,8,4917.78,48.5469,1
RC2_4_9,400,RC2,CLASSIC,9,9,8,4856.05,48.9219,1
RC2_4_9,400,RC2,CLASSIC,10,10,8,4855.86,48.6719,1
RC2_4_9,400,RC2,QLEARNING,1,1,8,4962.82,49.4375,1
RC2_4_9,400,RC2,QLEARNING,2,2,8,4864.8,50.75,1
RC2_4_9,400,RC2,QLEARNING,3,3,8,4819,48.7031,1
RC2_4_9,400,RC2,QLEARNING,4,4,8,4819.48,49.2656,1
RC2_4_9,400,RC2,QLEARNING,5,5,8,4909.83,48.1094,1
RC2_4_9,400,RC2,QLEARNING,6,6,8,4915.3,48.0938,1
RC2_4_9,400,RC2,QLEARNING,7,7,8,4892.14,49.125,1
RC2_4_9,400,RC2,QLEARNING,8,8,8,4840.34,50.5938,1
RC2_4_9,400,RC2,QLEARNING,9,9,8,5003.67,48.4844,1
RC2_4_9,400,RC2,QLEARNING,10,10,8,4834.8,50.0156,1
RC2_4_10,400,RC2,CLASSIC,1,1,8,4536.8,50.4062,1
RC2_4_10,400,RC2,CLASSIC,2,2,8,4521.59,50.4844,1
RC2_4_10,400,RC2,CLASSIC,3,3,8,4513.55,50.6719,1
RC2_4_10,400,RC2,CLASSIC,4,4,8,4577.75,51.1719,1
RC2_4_10,400,RC2,CLASSIC,5,5,8,4538.83,50.8281,1
RC2_4_10,400,RC2,CLASSIC,6,6,8,4634.18,50.6719,1
RC2_4_10,400,RC2,CLASSIC,7,7,8,4540.32,51.2031,1
RC2_4_10,400,RC2,CLASSIC,8,8,8,4606.21,50.6406,1
RC2_4_10,400,RC2,CLASSIC,9,9,8,4649.73,50.625,1
RC2_4_10,400,RC2,CLASSIC,10,10,8,4536.46,50.9844,1
RC2_4_10,400,RC2,QLEARNING,1,1,8,4595.31,50.2031,1
RC2_4_10,400,RC2,QLEARNING,2,2,8,4605.92,51.7969,1
RC2_4_10,400,RC2,QLEARNING,3,3,8,4572.91,50.7812,1
RC2_4_10,400,RC2,QLEARNING,4,4,8,4623.46,51.8906,1
RC2_4_10,400,RC2,QLEARNING,5,5,8,4634.07,51.4062,1
RC2_4_10,400,RC2,QLEARNING,6,6,8,4647.92,51.9375,1
RC2_4_10,400,RC2,QLEARNING,7,7,8,4540.13,51.0625,1
RC2_4_10,400,RC2,QLEARNING,8,8,8,4593.51,51.4688,1
RC2_4_10,400,RC2,QLEARNING,9,9,8,4462.44,50.0938,1
RC2_4_10,400,RC2,QLEARNING,10,10,8,4546.06,51.5469,1
